Name,Minimum,Coverage,Variant Frequency
TG,"1,650",7,100.00%
CAG,"22,699",88,33.00%
CTG,"22,711",88,62.50%
CAG,"23,516",5,40.00%
CTG,"23,528",5,60.00%
CA,"35,516",91 -> 129,34.9% -> 49.5%
A,"35,518",129,29.50%
CT,"35,528",129,34.90%
G,"40,173",100,83.00%
C,"42,981",12,66.70%
G,"42,983",12,66.70%
CTG,"42,993",12,33.30%
CAG,"48,875",9,66.70%
CTG,"48,887",9,33.30%
CAG,"49,455",34,61.80%
CTG,"49,467",34,38.20%
CAG,"50,419",5,100.00%
AG,"52,279",56,42.90%
CTG,"52,290",56,57.10%
CA,"54,940",253,47.00%
CTG,"54,952",253,52.60%
C,"63,366",25,52.00%
G,"63,368",25,52.00%
CTG,"63,378",25,36.00%
C,"64,258",8,75.00%
C,"64,532",245,46.50%
CTG,"64,544",245,53.50%
A,"65,661",113,60.20%
C,"65,672",113,39.80%
C,"66,132",6,50.00%
G,"66,134",6,50.00%
CTG,"66,144",6,50.00%
CAG,"66,992",112,33.00%
CTG,"67,004",112,66.10%
C,"67,221",5,60.00%
G,"67,223",5,60.00%
CTG,"67,233",5,40.00%
CAG,"68,529",5,80.00%
C,"74,018",146,45.20%
G,"74,020",146,45.20%
CTG,"74,030",146,54.10%
CAG,"74,718",5,60.00%
CTG,"74,730",5,40.00%
AG,"79,121",73,35.60%
C,"79,132",73,64.40%
CAG,"79,165",41,36.60%
CAG,"83,547",111,27.00%
CTG,"83,559",111,73.00%
C,"86,575",94,46.80%
C,"86,587",94,53.20%
CA,"104,671",10,60.00%
CT,"104,683",10,40.00%
CAG,"108,982",41,61.00%
C,"108,994",41,39.00%
G,"108,996",41,39.00%
CTG,"113,194",74,39.20%
G,"115,107",49,61.20%
CTG,"115,117",49,38.80%
C,"115,367",7,42.90%
G,"115,369",7,42.90%
CTG,"115,379",7,57.10%
CAG,"150,692",15,26.70%
C,"150,704",15,46.70%
G,"150,706",15,46.70%
CAG,"150,751",11,36.40%
C,"150,763",11,27.30%
G,"150,765",11,27.30%
CAG,"153,347",238,55.50%
CTG,"153,359",238,44.50%
CAG,"171,217",54,100.00%
CTG,"179,435",5,80.00%
AG,"179,886",42,54.80%
CTG,"179,897",42,45.20%
A,"180,116",94,51.10%
CTG,"180,127",94,48.90%
CAG,"180,550",29,62.10%
CTG,"180,562",30,33.30%
CAG,"181,197",8,25.00%
CAG,"181,263",9,33.30%
CTG,"181,275",9,55.60%
CAG,"186,596",27,59.30%
CTG,"186,608",27,40.70%
C,"188,545",12,66.70%
G,"188,547",12,66.70%
CTG,"188,558",12,33.30%
CAG,"192,559",397,30.20%
CTG,"192,571",397,69.80%
CA,"193,294",11,63.60%
CAG,"193,525",62 -> 63,39.7% -> 40.3%
CT,"193,537",62,59.70%
A,"196,720",23,30.40%
CA,"196,878",182,44.50%
CTG,"196,890",181,44.80%
CAG,"197,507",149,35.60%
CTG,"197,519",149,64.40%
CAG,"203,599",13,53.80%
C,"203,611",13,46.20%
G,"203,613",13,46.20%
CA,"206,478",77,98.70%
CA,"211,554",5,100.00%
CAG,"214,300",30,60.00%
C,"214,312",30,40.00%
G,"214,314",30,40.00%
CAG,"216,531",71,54.90%
C,"216,543",71,45.10%
G,"216,545",71,45.10%
CAG,"220,569",53,90.60%
G,"222,303",30,50.00%
CT,"222,313",30,50.00%
TG,"224,465",52,96.20%
CAG,"224,691",139,51.10%
CTG,"224,703",139,48.90%
C,"227,387",6,100.00%
G,"227,389",6,100.00%
CA,"227,804",6,50.00%
CTG,"227,816",6,50.00%
CAG,"229,278",50,34.00%
CTG,"229,289",50,66.00%
CAG,"230,530",13,61.50%
CAG,"230,577",26,50.00%
C,"232,529",38,42.10%
G,"232,531",38,42.10%
AG,"232,535",115,67.00%
AG,"233,354",62,66.10%
CTG,"233,365",62,33.90%
CAG,"234,689",66,72.70%
TG,"234,702",66,27.30%
CAG,"235,121",31,51.60%
TG,"235,134",31,48.40%
AG,"235,418",30,70.00%
CTG,"235,429",30,30.00%
CA,"238,009",60,100.00%
CAG,"238,977",10,70.00%
G,"238,991",10,30.00%
TG,"240,935",7,85.70%
CA,"241,822",91,35.20%
C,"241,834",91,64.80%
G,"241,836",91,64.80%
C,"242,189",63,33.30%
G,"242,191",63,33.30%
CTG,"242,201",63,66.70%
C,"245,421",15,100.00%
G,"245,423",15,100.00%
CAG,"247,857",15 -> 17,47.1% -> 53.3%
CTG,"247,999",58,96.60%
CAG,"248,899",155,59.40%
CT,"248,911",161,35.40%
C,"249,115",266,49.20%
G,"249,117",266,48.50%
C,"249,127",265,48.30%
G,"249,129",265,48.30%
AG,"253,188",203,39.90%
C,"253,199",203,60.10%
G,"253,201",203,60.10%
CTG,"256,152",20,100.00%
CAG,"256,649",14,100.00%
CT,"260,084",6,100.00%
AG,"261,779",32,56.30%
CTG,"261,790",32,43.80%
TG,"262,115",8,100.00%
CA,"264,676",89,56.20%
C,"264,688",89,43.80%
G,"264,690",89,43.80%
CTG,"264,910",8,87.50%
CAG,"266,773",142,47.90%
CTG,"266,851",188,47.30%
CAG,"267,257",16,31.30%
C,"267,269",16,68.80%
G,"267,271",16,68.80%
C,"268,992",140,67.10%
G,"268,994",140,67.10%
TG,"269,005",140,32.90%
A,"270,167",5,40.00%
CAG,"270,322",46,32.60%
TG,"270,335",46,63.00%
CAG,"271,174",20,60.00%
CTG,"271,186",20,30.00%
CAG,"271,434",15,53.30%
CT,"271,446",15,46.70%
C,"272,080",7,71.40%
G,"272,082",7,71.40%
CAG,"272,154",11 -> 12,33.3% -> 36.4%
A,"273,408",147,48.30%
CTG,"273,419",147,51.70%
G,"273,672",17,35.30%
CTG,"273,682",16,62.50%
AG,"274,896",168,51.20%
CTG,"274,907",168,48.80%
CAG,"275,318",100,53.00%
AG,"277,578",92,51.10%
C,"277,589",92,47.80%
CAG,"279,158",14,42.90%
CTG,"279,170",14,57.10%
CAG,"280,132",25,36.00%
CTG,"280,144",25,64.00%
CA,"280,494",12,83.30%
CAG,"285,800",94,70.20%
CTG,"285,812",94,29.80%
C,"287,165",176,45.50%
TG,"287,178",176,54.50%
CAG,"287,939",37,35.10%
CTG,"287,951",37,62.20%
CAG,"290,258",249,68.70%
CAG,"290,365",358 -> 359,29.0% -> 29.1%
TG,"290,378",346,36.40%
CAG,"294,016",9,100.00%
CA,"294,881",36,44.40%
TG,"294,894",36,55.60%
C,"296,851",112,42.00%
G,"296,853",112,42.00%
T,"296,864",112,58.00%
A,"297,741",21,100.00%
CAG,"300,166",88,59.10%
G,"300,180",88,37.50%
C,"302,482",7,100.00%
G,"302,484",7,100.00%
CTG,"303,336",14,100.00%
CAG,"305,221",25,100.00%
C,"305,669",100,50.00%
G,"305,671",100,50.00%
CAG,"305,703",123,36.60%
CAG,"308,966",12,75.00%
CA,"310,069",7,71.40%
CA,"311,591",342,60.50%
CT,"311,603",342,39.50%
CT,"313,710",51,100.00%
CAG,"314,353",94,57.40%
CT,"314,365",94,42.60%
CAG,"316,153",51,27.50%
CTG,"316,165",51,68.60%
C,"316,781",7,42.90%
G,"316,783",7,42.90%
TG,"316,794",7,57.10%
G,"317,093",180,70.00%
CTG,"317,103",180,30.00%
CAG,"317,680",84,89.30%
CAG,"318,352",31,51.60%
CTG,"318,364",31,48.40%
CAG,"319,947",15,73.30%
CTG,"319,959",15,26.70%
TG,"323,075",6,83.30%
CA,"323,352",245,48.20%
CTG,"323,364",245,51.80%
CT,"323,944",13,69.20%
AG,"324,019",24,70.80%
CTG,"324,030",24,25.00%
CAG,"324,409",40,57.50%
CTG,"324,421",40,42.50%
CAG,"325,060",18,44.40%
G,"325,074",18,44.40%
C,"326,560",6,66.70%
G,"326,562",6,66.70%
CT,"326,572",7,28.60%
CAG,"328,081",11,36.40%
CTG,"328,093",11,63.60%
CAG,"328,441",102,64.70%
C,"328,453",102,25.50%
G,"328,455",102,25.50%
AG,"330,589",83,61.40%
CTG,"330,600",83,38.60%
CTG,"331,852",35,82.90%
CAG,"333,633",59,100.00%
CAG,"334,667",133,60.90%
CTG,"334,679",133,39.10%
CTG,"335,537",113,99.10%
CAG,"337,572",6,33.30%
AG,"337,780",149,43.60%
CTG,"337,791",149,51.00%
CA,"339,677",61,44.30%
CTG,"339,689",61,52.50%
CA,"341,091",7,28.60%
C,"341,103",7,71.40%
G,"341,105",7,71.40%
AG,"342,148",198,52.50%
CTG,"342,159",198,47.50%
CAG,"342,858",94,44.70%
CTG,"342,870",94,51.10%
CAG,"345,760",93,54.80%
CTG,"345,772",93,45.20%
A,"353,123",172,47.70%
CTG,"353,134",172,52.30%
CAG,"353,992",32,65.60%
CTG,"354,004",32,34.40%
G,"355,725",20,65.00%
CTG,"355,735",20,35.00%
AG,"355,971",9,55.60%
CT,"355,983",7,28.60%
CA,"359,880",9 -> 12,25.0% -> 33.3%
CAG,"359,997",54,57.40%
CTG,"360,009",54,42.60%
C,"360,995",94,38.30%
G,"360,997",94,38.30%
C,"361,007",94,56.40%
G,"361,009",93,57.00%
C,"362,316",45,51.10%
G,"362,318",45,51.10%
TG,"362,329",45,48.90%
TG,"369,171",63,100.00%
CA,"371,417",170,60.60%
CT,"371,429",170,38.80%
C,"373,054",77,100.00%
G,"373,056",77,100.00%
AG,"375,528",6,83.30%
C,"376,936",12,33.30%
G,"376,938",12,33.30%
CT,"376,948",12,66.70%
TG,"379,017",166,33.70%
C,"379,097",315,57.10%
CTG,"379,109",316,42.40%
CAG,"379,371",115,91.30%
C,"382,525",132,40.20%
G,"382,527",132,40.20%
CTG,"382,537",132,59.10%
C,"383,702",6,50.00%
G,"383,704",6,50.00%
TG,"383,715",6,50.00%
CAG,"384,942",7,57.10%
TG,"384,955",7,42.90%
CA,"387,928",73,60.30%
TG,"387,941",73,39.70%
CTG,"390,682",129,99.20%
CAG,"391,785",254,27.60%
CTG,"391,797",254,28.00%
CTG,"391,828",243,41.60%
CAG,"392,029",16,31.30%
C,"394,236",51,37.30%
G,"394,238",51,37.30%
CTG,"394,248",51,62.70%
CA,"397,966",211,44.10%
TG,"397,979",211,55.90%
G,"398,258",11,27.30%
T,"398,269",11,72.70%
CAG,"399,424",94,57.40%
TG,"399,437",94,42.60%
CAG,"400,522",199,54.80%
CTG,"400,534",199,45.20%
AG,"402,127",43,44.20%
CT,"402,138",43,55.80%
C,"402,746",100,40.00%
G,"402,748",100,40.00%
CTG,"402,759",100,60.00%
G,"405,435",7,57.10%
CTG,"405,444",7,42.90%
C,"405,903",13,100.00%
G,"405,905",13,100.00%
CA,"406,110",5,40.00%
CAG,"406,289",8,25.00%
TG,"406,302",8,62.50%
CTG,"407,270",201,46.80%
CTG,"407,300",133,48.10%
G,"407,775",89,50.60%
CTG,"407,785",89,43.80%
CAG,"408,299",77,58.40%
CTG,"408,311",77 -> 80,36.3% -> 37.7%
AG,"408,538",274,41.60%
CTG,"408,549",274,56.90%
CAG,"409,787",13,30.80%
TG,"409,800",13,69.20%
C,"412,122",22,86.40%
G,"412,548",127,83.50%
CAG,"412,703",94 -> 96,36.5% -> 37.2%
C,"412,715",89,41.60%
G,"412,717",89,41.60%
G,"413,003",6,100.00%
CAG,"413,747",219,51.60%
CT,"413,759",219,47.90%
G,"414,068",234,67.10%
CTG,"414,078",234,32.90%
CAG,"414,494",28,32.10%
TG,"414,507",28,67.90%
C,"414,696",31,54.80%
G,"414,698",31,54.80%
T,"414,709",31,45.20%
CAG,"416,642",62,41.90%
TG,"416,655",56,46.40%
CAG,"418,200",99,40.40%
CTG,"418,212",101,35.60%
CAG,"418,334",158 -> 159,57.9% -> 58.2%
T,"418,347",158,38.60%
A,"423,057",17,70.60%
C,"427,442",113,46.00%
G,"427,444",113,46.00%
CAG,"427,597",36 -> 37,27.0% -> 27.8%
CAG,"429,716",54,40.70%
TG,"429,729",54,59.30%
AG,"430,918",62,38.70%
CTG,"430,929",62,53.20%
G,"434,634",79,46.80%
C,"434,644",78,52.60%
CTG,"438,815",5,100.00%
C,"439,282",10,60.00%
G,"439,284",10,60.00%
CTG,"439,294",10,40.00%
C,"440,490",65,56.90%
G,"440,492",65,56.90%
C,"440,502",65,43.10%
G,"440,504",65,43.10%
CAG,"441,585",112,83.90%
C,"442,553",111,65.80%
G,"442,555",111,65.80%
CT,"442,565",111,32.40%
A,"443,391",161,46.60%
C,"443,402",161,53.40%
G,"443,404",161,53.40%
CAG,"443,612",11,36.40%
CT,"443,624",10,40.00%
AG,"444,102",105,37.10%
TG,"444,114",105,61.90%
CAG,"446,786",100,47.00%
CT,"446,798",100,53.00%
CAG,"447,056",225,78.70%
CTG,"447,969",6,33.30%
C,"448,836",219,46.10%
T,"448,849",219,53.90%
CA,"450,151",92 -> 93,63.4% -> 64.1%
C,"450,163",93,35.50%
G,"450,165",93,35.50%
AG,"452,782",9,88.90%
C,"470,423",64,34.40%
G,"470,425",64,34.40%
TG,"470,436",64,64.10%
CA,"470,614",5,40.00%
CTG,"470,626",5,60.00%
CAG,"471,077",7,57.10%
CAG,"471,263",10,50.00%
TG,"471,276",9,44.40%
CAG,"475,480",17,29.40%
T,"475,493",17,70.60%
CAG,"477,860",120,45.80%
CT,"477,873",120,54.20%
CA,"478,798",82,34.10%
CTG,"478,810",82,64.60%
CA,"479,571",65,43.10%
CTG,"479,583",65,56.90%
CAG,"481,650",89,57.30%
CTG,"481,662",89 -> 90,42.2% -> 42.7%
CA,"483,331",102,43.10%
C,"483,343",102,56.90%
G,"483,345",102,56.90%
CAG,"485,148",5,100.00%
AG,"486,217",8,25.00%
C,"486,228",8,75.00%
CA,"488,838",160,69.40%
C,"488,850",160,30.60%
G,"488,852",160,30.60%
CA,"490,689",48,52.10%
CTG,"490,701",48,47.90%
AG,"499,005",44,27.30%
TG,"499,017",44,72.70%
CAG,"509,715",79,49.40%
C,"509,727",79,50.60%
G,"509,729",79,50.60%
C,"515,704",6,50.00%
G,"515,706",6,50.00%
G,"515,837",18,50.00%
C,"515,847",17,41.20%
AG,"517,959",47,46.80%
CTG,"517,970",47,53.20%
G,"522,963",25,52.00%
CTG,"522,973",25,48.00%
CA,"524,083",8,25.00%
TG,"524,096",8,75.00%
CAG,"525,337",19,42.10%
T,"525,350",19,57.90%
CAG,"528,175",7,71.40%
C,"528,188",7,28.60%
G,"528,190",7,28.60%
CTG,"532,947",7,85.70%
CAG,"534,998",94,58.50%
CTG,"535,010",94,41.50%
G,"536,839",46,43.50%
CTG,"536,849",46,54.30%
AG,"540,624",117,61.50%
C,"540,635",117,38.50%
G,"540,637",117,38.50%
C,"541,689",49,28.60%
CTG,"541,701",49,67.30%
CAG,"541,864",16,62.50%
CTG,"546,390",27,77.80%
CAG,"551,429",15,46.70%
CTG,"551,441",15,53.30%
G,"554,244",29,96.60%
CAG,"555,292",39,64.10%
C,"555,304",39,35.90%
G,"555,306",39,35.90%
CTG,"557,106",21,38.10%
C,"557,109",13,38.50%
G,"557,111",13,38.50%
C,"557,185",27,55.60%
CTG,"557,197",27,40.70%
C,"557,885",7,57.10%
G,"557,887",7,57.10%
CTG,"557,897",7,42.90%
CAG,"558,375",28,78.60%
CAG,"561,196",87,39.10%
G,"561,210",87,60.90%
C,"561,530",91,40.70%
CTG,"561,542",91,59.30%
CAG,"561,870",25,76.00%
C,"562,824",77,72.70%
G,"562,826",77,72.70%
CTG,"562,836",77,27.30%
CAG,"564,474",17,100.00%
CAG,"567,126",73,78.10%
CA,"571,465",21,42.90%
CTG,"571,477",21,57.10%
CAG,"572,206",104,47.10%
CTG,"572,218",104,52.90%
CA,"572,699",22,81.80%
C,"573,326",21,57.10%
CT,"573,338",21,42.90%
CAG,"573,757",12,58.30%
C,"573,769",12,41.70%
G,"573,771",12,41.70%
CA,"575,398",9,100.00%
CAG,"581,788",24,45.80%
CTG,"581,800",24,54.20%
CAG,"583,141",46,43.50%
C,"583,152",46,56.50%
G,"583,154",46,56.50%
C,"589,220",34,32.40%
G,"589,222",34,32.40%
TG,"589,233",34,67.60%
C,"590,093",56,28.60%
G,"590,107",56,69.60%
CAG,"595,941",7,57.10%
TG,"595,953",7,42.90%
C,"607,053",43,100.00%
G,"607,055",43,100.00%
C,"607,948",98,56.10%
G,"607,950",99,55.60%
G,"607,962",99,32.30%
CAG,"608,054",129 -> 130,52.3% -> 52.7%
CAG,"612,028",32,53.10%
CTG,"612,040",32,46.90%
C,"616,019",24,58.30%
G,"616,033",24,41.70%
CAG,"617,490",25,60.00%
CTG,"617,502",25,40.00%
C,"621,885",7,85.70%
G,"621,887",7,85.70%
CAG,"622,383",22,72.70%
C,"622,395",22,27.30%
G,"622,397",22,27.30%
CAG,"630,171",7,42.90%
CTG,"630,183",7,57.10%
CA,"635,159",65,60.00%
CTG,"635,171",65,40.00%
C,"636,730",7,28.60%
C,"636,832",15,40.00%
G,"636,834",15,40.00%
TG,"636,845",14,42.90%
CAG,"647,103",255,44.30%
CTG,"647,115",255,54.50%
C,"647,370",312,57.70%
G,"647,372",312,57.70%
CTG,"647,382",312,42.30%
C,"648,710",48,50.00%
CAG,"648,761",56,33.90%
CA,"651,685",111,27.00%
C,"651,697",111,73.00%
G,"651,699",111,73.00%
CA,"653,574",26,76.90%
C,"655,601",16,62.50%
G,"655,603",16,62.50%
TG,"655,614",16,37.50%
CAG,"660,110",15,93.30%
AG,"661,422",7,57.10%
C,"661,433",7,42.90%
CAG,"662,292",5,60.00%
CAG,"662,495",15,46.70%
TG,"662,508",15,53.30%
G,"663,332",5,40.00%
C,"663,342",5,60.00%
CTG,"666,188",9,77.80%
CAG,"666,419",8,87.50%
CAG,"677,138",91,78.00%
CT,"683,282",11,100.00%
C,"689,743",20,35.00%
G,"689,745",20,35.00%
CTG,"689,755",20,60.00%
CA,"691,133",7,57.10%
C,"695,405",103,35.90%
G,"695,407",103,35.90%
CTG,"695,417",103,64.10%
C,"698,284",10,50.00%
G,"698,286",10,50.00%
CTG,"698,296",10,50.00%
CAG,"701,864",183,37.20%
CTG,"701,876",183,62.80%
C,"707,145",88,29.50%
G,"707,147",88,29.50%
CTG,"707,157",88,70.50%
CAG,"708,638",5,100.00%
CAG,"711,537",60,51.70%
C,"711,549",60,48.30%
CAG,"712,065",20,40.00%
CT,"712,077",20,60.00%
CA,"715,855",75,50.70%
CTG,"715,867",75,49.30%
CAG,"716,393",46,100.00%
A,"717,987",7,57.10%
CTG,"717,998",7,42.90%
A,"720,837",96,59.40%
C,"720,848",99,33.30%
CT,"721,033",147,83.00%
CA,"721,828",39,43.60%
C,"721,840",39,56.40%
G,"721,842",39,56.40%
CA,"722,731",120,62.50%
CTG,"722,743",120,37.50%
G,"723,394",42,97.60%
C,"723,624",114,71.10%
C,"723,636",114,28.90%
G,"723,638",114,28.90%
CAG,"724,110",26,30.80%
CTG,"724,122",26,69.20%
C,"725,040",102,52.90%
G,"725,042",102,52.90%
CTG,"725,052",102,45.10%
CA,"727,927",218,53.70%
CT,"727,939",218,46.30%
C,"729,680",275,54.90%
G,"729,682",275,54.90%
CTG,"729,692",275,45.10%
AG,"730,296",74,45.90%
CTG,"730,307",74,50.00%
CAG,"733,178",40,47.50%
CT,"733,190",40,50.00%
A,"734,506",11,45.50%
CTG,"734,517",11,54.50%
C,"735,803",112,36.60%
G,"735,805",112,36.60%
C,"735,815",112,63.40%
G,"735,817",112,63.40%
AG,"736,614",191,38.20%
CT,"736,625",191,61.30%
CAG,"740,098",95,38.90%
CTG,"740,110",95,61.10%
CA,"746,335",8,62.50%
CTG,"746,347",8,37.50%
CTG,"746,591",5,100.00%
C,"747,070",158,53.80%
G,"747,072",158,53.80%
CAG,"748,194",110,60.00%
CTG,"748,206",110,35.50%
CTG,"748,956",42,92.90%
T,"750,363",88,100.00%
CAG,"751,842",111,47.70%
CTG,"751,854",111,52.30%
CAG,"752,916",13,38.50%
C,"752,928",13,61.50%
C,"754,354",172,25.00%
G,"754,356",172,25.00%
G,"754,368",172,75.00%
CA,"754,599",59,47.50%
CTG,"754,611",59,50.80%
CAG,"755,047",100,43.00%
CTG,"755,059",100,57.00%
C,"756,312",182,49.50%
G,"756,314",182,49.50%
CTG,"756,324",182,50.00%
CTG,"756,888",16 -> 18,72.2% -> 75.0%
CA,"757,441",174,66.10%
CTG,"757,453",174,33.90%
TG,"758,014",97,53.60%
AG,"758,329",12,33.30%
CTG,"758,340",12,66.70%
CAG,"762,789",100,44.00%
CTG,"762,801",100,55.00%
CAG,"763,253",23,65.20%
CTG,"763,265",23,30.40%
CAG,"765,762",6,50.00%
CTG,"765,774",6,50.00%
CAG,"766,627",69,37.70%
T,"766,640",69,62.30%
CT,"767,111",9,88.90%
CAG,"767,409",93,35.50%
CTG,"767,421",94 -> 95,62.1% -> 62.8%
C,"767,630",45,31.10%
G,"767,632",45,31.10%
C,"767,642",45,68.90%
G,"767,644",45,68.90%
AG,"769,216",11,27.30%
TG,"769,228",11,72.70%
CA,"771,726",49,67.30%
T,"771,739",49,32.70%
CA,"774,755",10,50.00%
CTG,"774,767",10,50.00%
CT,"775,032",21,95.20%
CA,"776,395",8,100.00%
A,"777,807",231,57.60%
CTG,"777,818",231,42.40%
CA,"779,338",300,41.00%
CTG,"779,350",300,59.00%
C,"779,745",199,72.90%
CTG,"779,757",200,27.00%
CAG,"780,358",5,100.00%
CTG,"783,536",5,80.00%
CAG,"789,923",5,100.00%
CAG,"790,572",6,33.30%
C,"790,665",6,66.70%
G,"790,667",6,66.70%
CAG,"792,845",39,69.20%
CTG,"792,857",39,30.80%
CA,"794,589",114,74.60%
G,"797,685",30,80.00%
CA,"797,747",33,27.30%
CAG,"798,683",13,46.20%
CTG,"798,695",13,53.80%
CAG,"799,045",127,42.50%
C,"799,057",130,37.70%
G,"799,059",130,37.70%
CAG,"799,112",165 -> 166,50.0% -> 50.3%
T,"800,744",5,100.00%
C,"803,395",19,73.70%
G,"803,397",19,73.70%
CTG,"803,406",19,26.30%
CAG,"807,275",34,70.60%
C,"807,287",34,29.40%
C,"808,422",7,85.70%
G,"808,424",7,85.70%
CAG,"812,011",80,51.20%
T,"812,024",80,48.80%
CA,"814,068",125,42.40%
CTG,"814,080",125,55.20%
G,"815,658",13,30.80%
CTG,"815,668",13,69.20%
CAG,"819,324",114,64.00%
C,"819,336",114,36.00%
CAG,"821,288",74,73.00%
TG,"821,301",74,27.00%
G,"821,662",9,77.80%
AG,"822,214",8,25.00%
T,"822,226",8,62.50%
CAG,"822,452",49,46.90%
CTG,"822,464",49,53.10%
CAG,"823,885",54,25.90%
G,"823,899",54,74.10%
CTG,"824,536",8,100.00%
CAG,"826,424",8,100.00%
C,"828,157",20,30.00%
G,"828,159",20,30.00%
G,"828,171",20,70.00%
C,"831,186",25,40.00%
G,"831,188",25,40.00%
CTG,"831,198",25,60.00%
CAG,"835,243",92,50.00%
TG,"835,256",92,50.00%
CAG,"835,797",64 -> 65,70.8% -> 71.9%
TG,"835,810",65,26.20%
C,"840,618",107,82.20%
C,"843,002",47,68.10%
G,"843,004",47,68.10%
CTG,"843,014",47,27.70%
CAG,"845,362",8,87.50%
CA,"847,770",11,36.40%
C,"847,782",11,45.50%
G,"847,784",11,45.50%
CAG,"851,312",103,55.30%
CTG,"851,324",103,44.70%
C,"855,193",82,30.50%
G,"855,195",82,30.50%
CTG,"855,205",82,69.50%
A,"856,208",11,54.50%
CTG,"856,219",11,45.50%
CA,"856,564",16,100.00%
CAG,"858,841",14,42.90%
G,"858,855",14,42.90%
CAG,"860,160",101,54.50%
CTG,"860,172",101,45.50%
CAG,"861,645",7,71.40%
CTG,"861,657",7,28.60%
CTG,"864,565",73 -> 74,27.0% -> 27.4%
C,"864,657",106,32.10%
G,"864,659",106,32.10%
TG,"864,670",105,66.70%
CAG,"865,143",72,50.00%
CTG,"865,155",72,50.00%
CAG,"866,522",118,29.70%
CTG,"866,534",118,68.60%
CAG,"866,802",49,57.10%
CTG,"866,814",49,42.90%
CAG,"867,145",34,79.40%
CAG,"867,813",17,35.30%
CTG,"867,825",17,64.70%
CA,"870,786",57,54.40%
CTG,"870,798",57,43.90%
CA,"871,357",162,58.00%
CTG,"871,369",162,42.00%
AG,"871,784",14,57.10%
CTG,"871,795",14,42.90%
CAG,"875,731",6,50.00%
CTG,"875,974",9,88.90%
TG,"877,284",82,100.00%
C,"877,670",61,72.10%
G,"877,672",61,72.10%
CTG,"877,682",61,27.90%
C,"881,029",24,45.80%
G,"881,031",24,45.80%
CTG,"881,041",24,54.20%
AG,"882,285",33,33.30%
C,"882,296",33,66.70%
G,"882,298",33,66.70%
CAG,"883,589",40,72.50%
CTG,"883,601",40,27.50%
C,"884,615",48,43.80%
G,"884,617",48,43.80%
G,"884,629",48,54.20%
CAG,"885,735",45,80.00%
C,"888,847",57,52.60%
G,"888,849",57,52.60%
TG,"888,860",57,47.40%
CAG,"891,478",35,57.10%
CT,"891,490",35,42.90%
C,"893,448",68,42.60%
G,"893,450",68,42.60%
CTG,"893,460",68,57.40%
C,"896,939",7,28.60%
CTG,"896,951",7,71.40%
CTG,"898,478",9,88.90%
CTG,"905,307",43,76.70%
C,"907,038",65,75.40%
G,"907,040",65,75.40%
C,"911,822",61,95.10%
G,"911,824",61,95.10%
C,"914,814",21,57.10%
G,"914,816",21,57.10%
TG,"914,827",21,42.90%
CA,"916,305",9,55.60%
TG,"916,318",9,44.40%
CT,"919,061",63,100.00%
CAG,"919,207",40,100.00%
AG,"921,272",33,54.50%
CTG,"921,283",33,45.50%
CAG,"923,124",12,50.00%
TG,"923,137",12,50.00%
C,"935,112",63,55.60%
G,"935,114",63,55.60%
CT,"935,124",63,44.40%
CAG,"937,198",14,85.70%
CT,"939,055",44,59.10%
CAG,"941,082",7,42.90%
CTG,"941,094",7,57.10%
C,"945,878",37,37.80%
TG,"945,891",37,59.50%
C,"946,137",7,28.60%
C,"946,149",7,71.40%
G,"946,151",7,71.40%
CA,"952,748",14,42.90%
CTG,"952,796",15,53.30%
CTG,"957,193",14,100.00%
CAG,"960,380",173,56.10%
TG,"960,393",173,43.90%
C,"961,048",93,43.00%
G,"961,050",93,43.00%
G,"961,062",97,48.50%
CAG,"961,212",112,58.90%
CTG,"961,224",110,35.50%
CA,"961,980",6,33.30%
C,"961,992",6,66.70%
G,"961,994",6,66.70%
CA,"963,523",14,50.00%
CTG,"963,535",14,50.00%
TG,"966,705",5,80.00%
G,"970,243",139,39.60%
TG,"970,254",139,60.40%
CAG,"971,016",59,37.30%
C,"971,028",59,59.30%
G,"971,030",59,59.30%
CAG,"975,166",13,53.80%
C,"975,178",13,46.20%
G,"975,180",13,46.20%
CTG,"976,194",51,100.00%
CA,"978,991",136,47.10%
C,"979,003",136,52.20%
G,"979,005",136,52.90%
CA,"979,994",22,72.70%
TG,"980,007",22,27.30%
CAG,"981,711",17,76.50%
CTG,"983,531",76,80.30%
CA,"989,422",154,74.70%
C,"989,434",154,25.30%
G,"989,436",154,25.30%
TG,"995,032",8,87.50%
CAG,"1,001,266",24,62.50%
CTG,"1,001,278",24,37.50%
CTG,"1,001,565",5,80.00%
CTG,"1,001,798",55,83.60%
CAG,"1,002,676",69,40.60%
CTG,"1,002,688",69,59.40%
CAG,"1,007,646",99,62.60%
CTG,"1,007,658",99,37.40%
C,"1,008,256",41,63.40%
G,"1,008,258",41,63.40%
CTG,"1,008,268",41,36.60%
AG,"1,011,644",54,44.40%
T,"1,011,656",54,55.60%
CAG,"1,013,039",56,55.40%
TG,"1,013,052",56,44.60%
C,"1,013,809",10,30.00%
G,"1,013,811",10,30.00%
TG,"1,013,822",10,70.00%
CTG,"1,014,166",5,100.00%
G,"1,015,268",142,34.50%
CTG,"1,015,278",142,65.50%
CA,"1,015,513",10,40.00%
TG,"1,015,526",9,44.40%
C,"1,019,426",41,85.40%
CA,"1,020,339",137,51.10%
G,"1,020,353",137,46.00%
CTG,"1,021,651",103,33.00%
CAG,"1,021,674",130,46.90%
CTG,"1,021,686",130,36.90%
G,"1,026,259",12,91.70%
AG,"1,028,713",132,57.60%
CTG,"1,028,724",132,42.40%
C,"1,030,685",17,58.80%
G,"1,030,687",17,58.80%
CTG,"1,030,697",17,41.20%
CAG,"1,033,047",5,100.00%
CA,"1,034,714",7,57.10%
CTG,"1,034,726",7,42.90%
CAG,"1,037,000",12,100.00%
CAG,"1,037,052",44,72.70%
CAG,"1,037,435",11,100.00%
CAG,"1,038,539",20,45.00%
C,"1,038,551",21,52.40%
G,"1,038,553",21,52.40%
CAG,"1,038,790",102,50.00%
TG,"1,038,803",102,50.00%
CAG,"1,042,667",123,42.30%
CTG,"1,042,679",123,57.70%
CA,"1,043,275",50,56.00%
TG,"1,043,288",51,39.20%
CAG,"1,043,464",87,37.90%
CTG,"1,043,476",88 -> 90,48.9% -> 50.0%
AG,"1,044,619",18,55.60%
CTG,"1,044,630",18,38.90%
CAG,"1,047,634",114,68.40%
CTG,"1,047,646",114,31.60%
C,"1,047,920",47,51.10%
G,"1,047,922",47,51.10%
TG,"1,047,933",47,44.70%
CTG,"1,051,880",71,100.00%
CTG,"1,054,634",19,100.00%
C,"1,056,997",40,62.50%
G,"1,056,999",40,62.50%
G,"1,057,011",40,37.50%
C,"1,058,068",31,58.10%
G,"1,058,070",31,58.10%
CTG,"1,058,080",31,41.90%
C,"1,058,131",48,64.60%
CAG,"1,059,419",71,62.00%
CTG,"1,059,431",71,38.00%
C,"1,062,172",104,32.70%
G,"1,062,174",104,32.70%
CT,"1,062,184",104,67.30%
CAG,"1,067,999",77,59.70%
TG,"1,068,012",77,40.30%
C,"1,068,255",24,91.70%
C,"1,069,603",22,40.90%
G,"1,069,605",22,40.90%
TG,"1,069,616",22,59.10%
CT,"1,071,683",45,77.80%
CTG,"1,073,275",25,100.00%
CA,"1,074,720",7,85.70%
CA,"1,080,557",13,100.00%
CAG,"1,080,745",12,75.00%
CA,"1,082,454",65,53.80%
CTG,"1,082,466",65,46.20%
CA,"1,083,059",112,50.90%
TG,"1,083,072",122,41.00%
C,"1,087,063",5,40.00%
CAG,"1,091,958",37,56.80%
G,"1,091,972",37,43.20%
CA,"1,094,233",251,41.80%
TG,"1,094,246",251,57.80%
CAG,"1,094,769",14,50.00%
CTG,"1,094,781",14,50.00%
CTG,"1,095,619",5,80.00%
CAG,"1,097,027",32,31.30%
C,"1,097,039",32,68.80%
G,"1,097,041",32,68.80%
CAG,"1,100,741",14,28.60%
CTG,"1,100,753",14,71.40%
C,"1,104,216",7,42.90%
G,"1,104,218",7,42.90%
CTG,"1,104,228",7,57.10%
CAG,"1,105,445",37,56.80%
CTG,"1,105,457",37,43.20%
CA,"1,106,202",37,62.20%
CTG,"1,106,214",37,37.80%
C,"1,106,494",7,100.00%
CAG,"1,108,769",20,40.00%
C,"1,108,781",20,60.00%
C,"1,110,699",84,46.40%
G,"1,110,701",84,46.40%
C,"1,110,711",84,53.60%
G,"1,110,713",84,53.60%
CA,"1,111,858",18,27.80%
T,"1,111,871",19,26.30%
C,"1,111,910",31,54.80%
G,"1,111,912",31,54.80%
C,"1,111,922",31,29.00%
G,"1,111,924",31,29.00%
CAG,"1,113,160",103,56.30%
CTG,"1,113,172",103,43.70%
CA,"1,114,585",82,43.90%
C,"1,114,597",85,40.00%
CAG,"1,114,672",77,32.50%
TG,"1,114,685",70 -> 72,25.0% -> 25.7%
C,"1,116,044",44,100.00%
CAG,"1,120,837",46,50.00%
TG,"1,120,850",46,50.00%
CAG,"1,123,315",245,55.50%
TG,"1,123,328",245,44.50%
C,"1,123,592",33,90.90%
G,"1,123,594",33,87.90%
CA,"1,124,545",120,54.20%
CTG,"1,124,557",120,45.80%
CAG,"1,127,039",67,100.00%
CAG,"1,128,624",94,72.30%
T,"1,128,637",94,27.70%
CAG,"1,130,343",8,62.50%
CTG,"1,130,355",8,37.50%
C,"1,130,925",7,28.60%
G,"1,130,927",7,28.60%
CT,"1,130,937",7,71.40%
CAG,"1,131,277",101,100.00%
CAG,"1,133,371",10,50.00%
CTG,"1,133,383",10,30.00%
CAG,"1,136,162",55,100.00%
C,"1,136,441",18,27.80%
G,"1,136,443",18,27.80%
G,"1,136,455",18,72.20%
CA,"1,143,804",49,46.90%
G,"1,143,818",49,53.10%
CAG,"1,146,742",86,30.20%
TG,"1,146,755",86,69.80%
CA,"1,151,504",13,38.50%
TG,"1,151,517",13,61.50%
C,"1,151,813",78,50.00%
G,"1,151,815",79,49.40%
CTG,"1,151,825",81 -> 82,35.4% -> 35.8%
CAG,"1,151,966",83,42.20%
C,"1,151,978",82,37.80%
G,"1,151,980",82,37.80%
CAG,"1,153,125",70,82.90%
CA,"1,154,716",10,90.00%
CA,"1,158,797",41,48.80%
CTG,"1,158,809",41,51.20%
CAG,"1,160,116",116,32.80%
CT,"1,160,128",116,67.20%
CTG,"1,160,307",11 -> 12,25.0% -> 27.3%
C,"1,161,058",150,26.70%
G,"1,161,060",150,26.70%
CTG,"1,161,069",150,39.30%
C,"1,161,092",118,42.40%
G,"1,161,094",118,42.40%
C,"1,161,841",21,71.40%
G,"1,161,843",21,71.40%
CTG,"1,161,853",21,28.60%
CTG,"1,162,541",43,81.40%
CA,"1,162,631",30,60.00%
G,"1,162,645",30,40.00%
CA,"1,164,340",80,53.80%
TG,"1,164,353",80,46.30%
CTG,"1,166,929",53,100.00%
CAG,"1,168,388",40,55.00%
CTG,"1,168,400",40,40.00%
C,"1,174,987",60,100.00%
G,"1,174,989",60,100.00%
CAG,"1,175,335",115,48.70%
CTG,"1,175,347",115,51.30%
CAG,"1,180,303",42,100.00%
AG,"1,185,053",5,60.00%
CT,"1,185,064",5,40.00%
CT,"1,187,297",38,89.50%
CTG,"1,188,460",6,100.00%
CAG,"1,189,248",81,44.40%
CAG,"1,194,011",8,50.00%
CTG,"1,194,023",8,50.00%
AG,"1,197,720",7,57.10%
C,"1,197,731",7,42.90%
G,"1,197,733",7,42.90%
CA,"1,198,448",14,42.90%
TG,"1,198,461",14,57.10%
AG,"1,206,615",43,58.10%
TG,"1,206,627",44,27.30%
CAG,"1,206,748",70,40.00%
CTG,"1,206,760",70,41.40%
C,"1,211,552",66,81.80%
CA,"1,217,339",14,64.30%
CTG,"1,217,351",13,30.80%
CA,"1,217,948",66,51.50%
CTG,"1,217,960",66,48.50%
AG,"1,219,040",21,47.60%
CTG,"1,219,051",21,52.40%
C,"1,220,583",41,78.00%
G,"1,220,585",41,78.00%
C,"1,221,350",20,100.00%
C,"1,223,875",7,71.40%
C,"1,223,887",7,28.60%
G,"1,223,889",7,28.60%
CTG,"1,226,209",6,83.30%
CAG,"1,226,656",8,75.00%
T,"1,226,669",8,25.00%
CA,"1,228,395",50,30.00%
TG,"1,228,408",50,42.00%
C,"1,228,432",77,62.30%
G,"1,228,434",77,62.30%
C,"1,237,891",75,41.30%
G,"1,237,905",75,56.00%
C,"1,239,498",23,100.00%
G,"1,239,500",23,100.00%
C,"1,240,431",16,43.80%
CTG,"1,240,443",16,56.30%
CAG,"1,241,372",5,60.00%
G,"1,241,386",5,40.00%
CAG,"1,246,939",42,59.50%
CTG,"1,246,951",42,38.10%
CAG,"1,250,705",134,51.50%
TG,"1,250,718",134,47.80%
C,"1,252,038",6,33.30%
TG,"1,252,146",13,61.50%
G,"1,253,237",12,41.70%
CTG,"1,253,247",12,41.70%
CTG,"1,255,895",20,100.00%
CAG,"1,258,174",21,57.10%
C,"1,258,206",16,25.00%
G,"1,258,208",16,25.00%
CT,"1,260,218",47,100.00%
CA,"1,260,670",8,37.50%
CTG,"1,260,682",8,62.50%
CAG,"1,267,018",12,41.70%
CA,"1,267,025",20,40.00%
TG,"1,267,031",20,25.00%
C,"1,267,834",47,34.00%
G,"1,267,836",47,34.00%
C,"1,267,846",46,65.20%
G,"1,267,848",46,65.20%
CAG,"1,271,201",5,80.00%
CAG,"1,273,001",6,50.00%
CT,"1,273,013",6,50.00%
CAG,"1,273,279",32,50.00%
CTG,"1,273,291",32,50.00%
C,"1,274,560",9,100.00%
G,"1,274,562",9,100.00%
CTG,"1,275,366",33,100.00%
G,"1,278,873",8,87.50%
AG,"1,283,823",50,64.00%
C,"1,283,834",50,36.00%
G,"1,283,836",50,36.00%
CAG,"1,285,377",13,30.80%
CTG,"1,285,389",13,69.20%
C,"1,285,901",7,42.90%
CTG,"1,285,913",7,28.60%
CTG,"1,286,004",5,40.00%
CAG,"1,287,580",16,37.50%
C,"1,287,592",16,62.50%
CA,"1,289,260",85 -> 86,43.0% -> 43.5%
C,"1,289,272",88,51.10%
G,"1,289,274",88,51.10%
CAG,"1,289,446",215,30.20%
CTG,"1,289,458",215,43.70%
CA,"1,289,482",159,25.80%
CTG,"1,289,494",158,32.90%
CA,"1,290,707",25,32.00%
CT,"1,290,719",25,68.00%
CAG,"1,290,936",41,46.30%
T,"1,290,949",41,53.70%
CA,"1,292,691",9,66.70%
CT,"1,292,703",9,33.30%
C,"1,292,956",13,84.60%
G,"1,292,958",13,84.60%
CTG,"1,296,340",9,77.80%
C,"1,297,868",26,76.90%
CAG,"1,299,695",11,90.90%
CAG,"1,301,682",92,66.30%
CTG,"1,301,694",92,33.70%
CAG,"1,302,760",6,50.00%
TG,"1,302,773",6,50.00%
CAG,"1,303,320",11,27.30%
CTG,"1,303,332",11,27.30%
CT,"1,303,337",8,62.50%
CAG,"1,304,659",6,50.00%
CTG,"1,304,671",6,33.30%
C,"1,306,992",45,26.70%
G,"1,306,994",45,26.70%
CTG,"1,307,004",45,73.30%
CAG,"1,310,008",7,71.40%
CTG,"1,310,020",7,28.60%
CAG,"1,312,227",6,83.30%
TG,"1,312,373",13,92.30%
CAG,"1,313,868",72,66.70%
CTG,"1,313,880",72,33.30%
CAG,"1,316,285",32,56.30%
C,"1,316,297",34,38.20%
G,"1,316,299",34,38.20%
CAG,"1,316,415",20,40.00%
CTG,"1,316,427",18,38.90%
TG,"1,318,144",6,83.30%
CAG,"1,318,446",53,28.30%
CTG,"1,318,458",53,54.70%
AG,"1,318,563",52,50.00%
TG,"1,318,575",48,31.30%
CAG,"1,319,744",5,80.00%
C,"1,322,171",152,42.80%
G,"1,322,173",152,42.80%
TG,"1,322,184",152,54.60%
C,"1,322,477",25,64.00%
G,"1,322,479",26,61.50%
C,"1,322,575",42,31.00%
G,"1,322,577",42,31.00%
C,"1,322,587",41,39.00%
G,"1,322,589",41,39.00%
C,"1,323,594",68,54.40%
CTG,"1,323,606",68,45.60%
A,"1,326,962",8,37.50%
C,"1,327,176",94,30.90%
G,"1,327,178",94,30.90%
C,"1,327,188",94,68.10%
CAG,"1,328,607",38,63.20%
CTG,"1,328,619",38,34.20%
CAG,"1,329,955",87,62.10%
CTG,"1,329,967",87,36.80%
CAG,"1,330,274",56,42.90%
CTG,"1,330,285",56,55.40%
CAG,"1,331,640",22,45.50%
CT,"1,331,652",22,54.50%
T,"1,336,971",9,88.90%
CA,"1,338,491",42,81.00%
CAG,"1,339,856",94,38.30%
CTG,"1,339,868",94,60.60%
CAG,"1,340,029",19,26.30%
CTG,"1,342,493",6,100.00%
C,"1,345,416",29,89.70%
G,"1,345,418",29,89.70%
CA,"1,350,828",111,55.90%
CTG,"1,350,840",111,44.10%
AG,"1,351,987",5,60.00%
TG,"1,351,999",5,40.00%
CAG,"1,352,464",96,70.80%
CTG,"1,352,476",96,29.20%
CAG,"1,354,588",52,51.90%
CTG,"1,354,600",52,46.20%
C,"1,355,062",129,86.00%
G,"1,355,064",129,86.00%
CAG,"1,357,694",57,47.40%
CTG,"1,357,706",57,52.60%
C,"1,361,681",72,50.00%
G,"1,361,683",72,50.00%
CTG,"1,361,693",72,50.00%
G,"1,364,657",62,58.10%
C,"1,364,667",62,40.30%
G,"1,364,669",62,41.90%
CAG,"1,366,603",29,37.90%
CTG,"1,366,615",29,62.10%
C,"1,369,269",18,44.40%
G,"1,369,271",18,44.40%
CTG,"1,369,281",18,55.60%
CAG,"1,369,838",40,37.50%
CTG,"1,369,850",40,52.50%
CAG,"1,370,560",71,49.30%
CT,"1,370,572",71,50.70%
CAG,"1,371,720",6,50.00%
CTG,"1,374,559",5,80.00%
CAG,"1,375,226",19,68.40%
CTG,"1,375,238",19,31.60%
CA,"1,375,820",27,37.00%
CTG,"1,375,832",27,63.00%
C,"1,382,290",5,40.00%
TG,"1,382,303",5,60.00%
CAG,"1,387,064",18,61.10%
CTG,"1,387,076",18,38.90%
C,"1,387,518",19,31.60%
G,"1,387,520",19,31.60%
CTG,"1,387,530",19,63.20%
CAG,"1,391,167",65,44.60%
CTG,"1,391,179",65,55.40%
C,"1,391,730",51,39.20%
CTG,"1,391,742",51,60.80%
AG,"1,393,190",42,85.70%
AG,"1,397,868",16,37.50%
CTG,"1,397,879",16,62.50%
CA,"1,400,652",5,80.00%
AG,"1,404,927",6,50.00%
TG,"1,404,939",6,50.00%
CT,"1,405,676",10,80.00%
CAG,"1,407,054",40,60.00%
TG,"1,407,067",40,37.50%
C,"1,407,181",23,30.40%
G,"1,407,183",23,30.40%
CA,"1,409,168",7,71.40%
CTG,"1,409,180",7,28.60%
CAG,"1,413,238",80,56.30%
CTG,"1,413,250",78,41.00%
G,"1,414,952",101,29.70%
CTG,"1,414,962",103 -> 105,61.0% -> 62.1%
CAG,"1,415,104",86,55.80%
CTG,"1,415,116",85,40.00%
CAG,"1,418,064",13,69.20%
CT,"1,418,076",13,30.80%
CAG,"1,420,453",74,45.90%
C,"1,420,465",74,54.10%
G,"1,420,467",74,54.10%
A,"1,425,464",30,53.30%
C,"1,425,475",30,46.70%
C,"1,428,551",11,90.90%
CA,"1,428,855",11,45.50%
T,"1,428,868",11,54.50%
CAG,"1,433,118",72,36.10%
CTG,"1,433,130",72 -> 73,61.6% -> 62.5%
CAG,"1,433,207",29 -> 30,26.7% -> 27.6%
C,"1,434,717",5,60.00%
C,"1,443,010",24,75.00%
G,"1,443,012",24,75.00%
CTG,"1,443,022",24,25.00%
CAG,"1,443,848",21,90.50%
CA,"1,444,794",31,77.40%
CAG,"1,445,684",32,78.10%
CAG,"1,445,785",25 -> 27,25.9% -> 28.0%
CAG,"1,448,935",27,37.00%
CTG,"1,448,947",27,59.30%
C,"1,460,706",58,60.30%
G,"1,460,708",58,60.30%
CTG,"1,460,718",58,39.70%
CA,"1,468,741",96,46.90%
CTG,"1,468,753",96,51.00%
CAG,"1,472,840",28,53.60%
C,"1,472,852",28,46.40%
CAG,"1,481,492",51,86.30%
CAG,"1,481,731",79,50.60%
CTG,"1,481,743",79,49.40%
CA,"1,485,554",79,50.60%
CTG,"1,485,566",79,49.40%
CAG,"1,486,131",30,60.00%
CTG,"1,486,143",30,40.00%
CA,"1,490,347",49,40.80%
T,"1,490,361",49,59.20%
CAG,"1,506,425",36,52.80%
C,"1,506,437",36,44.40%
G,"1,506,439",36,47.20%
CAG,"1,507,709",6,83.30%
AG,"1,513,612",6,66.70%
CTG,"1,513,623",6,33.30%
AG,"1,514,432",6,50.00%
CTG,"1,514,443",6,50.00%
CAG,"1,519,757",18,72.20%
CT,"1,519,769",18,27.80%
C,"1,519,927",6,33.30%
AG,"1,520,457",69,53.60%
C,"1,520,468",69,46.40%
G,"1,520,470",69,46.40%
CAG,"1,526,316",59,45.80%
CT,"1,526,328",59,54.20%
CAG,"1,528,658",7,57.10%
C,"1,528,670",7,42.90%
G,"1,528,672",7,42.90%
CA,"1,528,932",59,76.30%
C,"1,530,118",38,47.40%
G,"1,530,120",38,47.40%
TG,"1,530,131",38,52.60%
A,"1,531,170",25,36.00%
TG,"1,531,182",25,64.00%
CAG,"1,531,622",6,83.30%
CAG,"1,534,340",66,48.50%
TG,"1,534,353",66,51.50%
CTG,"1,537,503",5,80.00%
CA,"1,542,333",15,60.00%
CTG,"1,542,345",15,40.00%
CA,"1,548,258",32,46.90%
CTG,"1,548,270",32,53.10%
CAG,"1,557,140",7,100.00%
CA,"1,563,198",66,33.30%
A,"1,570,293",14,50.00%
C,"1,570,304",14,50.00%
G,"1,570,306",14,50.00%
CAG,"1,571,695",130,48.50%
CTG,"1,571,707",130,50.80%
CAG,"1,585,106",34,50.00%
CTG,"1,585,118",34,50.00%
TG,"1,586,381",5,100.00%
CA,"1,591,114",5,60.00%
CTG,"1,591,126",5,40.00%
AG,"1,591,672",5,100.00%
CAG,"1,597,572",45,66.70%
CTG,"1,597,584",45,31.10%
CA,"1,601,889",7,57.10%
CTG,"1,601,901",7,42.90%
C,"1,604,208",246,41.90%
C,"1,604,220",244,57.80%
G,"1,604,222",244,57.80%
CA,"1,610,104",9,77.80%
CAG,"1,612,447",47,61.70%
C,"1,612,459",47,38.30%
G,"1,612,461",47,38.30%
C,"1,620,047",15,60.00%
G,"1,620,049",15,60.00%
CTG,"1,620,059",15,40.00%
AG,"1,621,839",98,43.90%
CTG,"1,621,850",98,56.10%
CAG,"1,634,297",43,67.40%
CTG,"1,634,309",43,32.60%
CAG,"1,641,706",7,57.10%
CTG,"1,641,718",8,37.50%
C,"1,641,989",11,63.60%
G,"1,641,991",11,63.60%
C,"1,642,001",11,36.40%
G,"1,642,003",11,36.40%
G,"1,645,372",5,40.00%
CTG,"1,645,382",5,60.00%
C,"1,651,699",10,30.00%
TG,"1,651,712",10,40.00%
TG,"1,659,948",38,76.30%
C,"1,665,410",60,30.00%
G,"1,665,412",61,29.50%
CAG,"1,665,521",112,25.90%
CTG,"1,665,533",112,69.60%
CA,"1,665,689",10,60.00%
C,"1,665,701",10,30.00%
CA,"1,670,959",73,60.30%
C,"1,670,971",73,39.70%
G,"1,670,973",73,39.70%
C,"1,673,347",41,41.50%
G,"1,673,349",41,41.50%
CT,"1,673,359",41,58.50%
A,"1,677,356",13,53.80%
CTG,"1,677,367",13,30.80%
CTG,"1,696,868",38,78.90%
CAG,"1,699,154",117,59.80%
TG,"1,699,167",117,39.30%
CTG,"1,708,869",16,87.50%
AG,"1,715,465",48,43.80%
CTG,"1,715,476",48,56.30%
G,"1,715,594",16,31.30%
CAG,"1,720,886",50,42.00%
CTG,"1,720,898",50,58.00%
CAG,"1,723,369",12,66.70%
T,"1,723,382",12,33.30%
C,"1,726,470",76,56.60%
TG,"1,726,483",76,40.80%
CTG,"1,727,474",7,100.00%
C,"1,735,310",5,40.00%
CTG,"1,735,322",5,40.00%
CAG,"1,736,139",17,52.90%
TG,"1,736,152",17,47.10%
CT,"1,743,260",33,87.90%
A,"1,744,318",14,85.70%
CAG,"1,745,273",6 -> 7,28.6% -> 33.3%
CTG,"1,745,285",7,42.90%
G,"1,745,451",39,33.30%
CTG,"1,745,461",39,66.70%
CAG,"1,748,090",10,40.00%
C,"1,748,102",10,60.00%
G,"1,748,104",10,60.00%
CA,"1,748,714",32,53.10%
CTG,"1,748,726",32,46.90%
CAG,"1,751,083",23,43.50%
CTG,"1,751,095",23,56.50%
CAG,"1,751,908",77,37.70%
CTG,"1,751,920",77,62.30%
CA,"1,753,459",7,42.90%
CTG,"1,753,471",7,57.10%
CAG,"1,754,480",8,62.50%
G,"1,754,494",8,37.50%
CAG,"1,755,185",40,72.50%
CTG,"1,755,197",40,27.50%
T,"1,758,585",5,80.00%
CAG,"1,758,798",82,39.00%
T,"1,758,811",82,61.00%
CAG,"1,765,808",71,45.10%
CTG,"1,765,820",71,53.50%
CA,"1,768,552",7,85.70%
CA,"1,774,362",8,75.00%
CAG,"1,774,391",12,33.30%
C,"1,776,098",141,45.40%
G,"1,776,100",141,45.40%
CTG,"1,776,110",141,53.90%
C,"1,777,928",6,50.00%
CTG,"1,777,940",6,33.30%
CA,"1,779,269",55,61.80%
TG,"1,779,282",55,38.20%
CAG,"1,780,157",28,89.30%
AG,"1,782,050",41,56.10%
CTG,"1,782,061",41,43.90%
AG,"1,782,424",41,31.70%
CTG,"1,782,435",41,68.30%
CTG,"1,786,427",5,100.00%
AG,"1,787,229",46,54.30%
TG,"1,787,242",48,39.60%
T,"1,787,365",24,29.20%
CAG,"1,788,948",8,25.00%
CTG,"1,788,960",8,75.00%
CAG,"1,789,163",10,40.00%
CTG,"1,789,172",10,50.00%
CAG,"1,790,064",69,52.20%
CT,"1,790,076",69,47.80%
C,"1,791,794",12,100.00%
G,"1,791,796",12,100.00%
T,"1,792,066",7,28.60%
TG,"1,792,071",7,57.10%
CAG,"1,796,464",21,47.60%
C,"1,796,476",21,52.40%
G,"1,796,478",21,52.40%
CTG,"1,797,965",5,100.00%
CAG,"1,798,735",12,33.30%
C,"1,798,747",12,66.70%
G,"1,798,749",12,66.70%
CAG,"1,802,791",22,54.50%
T,"1,802,804",22,40.90%
CAG,"1,803,208",49,46.90%
CTG,"1,803,220",49,53.10%
CAG,"1,803,940",21,33.30%
CTG,"1,803,952",21,66.70%
TG,"1,804,286",18,94.40%
A,"1,804,589",5,40.00%
G,"1,804,602",5,60.00%
CAG,"1,807,229",107,62.60%
CTG,"1,807,241",107,37.40%
CAG,"1,807,508",9,33.30%
CA,"1,807,543",12,33.30%
C,"1,807,555",12,41.70%
G,"1,807,557",12,41.70%
C,"1,813,085",162,35.80%
G,"1,813,087",162,35.80%
T,"1,813,098",162,64.20%
CAG,"1,817,784",27,63.00%
CT,"1,817,796",27,37.00%
CTG,"1,819,088",62,40.30%
CAG,"1,819,095",65,43.10%
CTG,"1,819,107",65,33.80%
CAG,"1,822,050",34,55.90%
CTG,"1,822,062",34,44.10%
CAG,"1,825,036",54,42.60%
TG,"1,825,049",54,57.40%
CAG,"1,826,275",17,52.90%
CTG,"1,826,287",17,47.10%
CAG,"1,827,435",8,87.50%
CAG,"1,827,729",25,28.00%
TG,"1,827,742",25,72.00%
TG,"1,829,378",7,85.70%
CAG,"1,854,292",62,56.50%
C,"1,854,304",62,41.90%
G,"1,854,306",62,43.50%
CA,"1,856,678",30,30.00%
CTG,"1,856,690",30,70.00%
C,"1,858,158",5,80.00%
G,"1,858,160",5,80.00%
CAG,"1,863,080",68,45.60%
CTG,"1,863,092",68,54.40%
CAG,"1,867,042",8,62.50%
CTG,"1,867,125",8,37.50%
C,"1,869,047",10,100.00%
G,"1,869,049",10,100.00%
CTG,"1,877,723",7,85.70%
CA,"1,880,684",48,66.70%
CT,"1,880,696",48,33.30%
C,"1,904,511",24,33.30%
CT,"1,904,523",24,62.50%
CAG,"1,905,645",13,92.30%
AG,"1,911,872",28,28.60%
CTG,"1,911,883",28,67.90%
CAG,"1,916,180",24,50.00%
CTG,"1,916,192",24,50.00%
CAG,"1,918,100",52,55.80%
CT,"1,918,112",52,42.30%
CAG,"1,918,355",44 -> 45,48.9% -> 50.0%
CTG,"1,918,367",44,45.50%
CAG,"1,918,639",32,40.60%
T,"1,918,652",31,48.40%
CAG,"1,919,204",11,36.40%
CTG,"1,919,216",11,63.60%
CAG,"1,919,692",61,39.30%
G,"1,919,706",61,60.70%
CAG,"1,923,951",40,87.50%
AG,"1,926,274",96,39.60%
CT,"1,926,285",96,59.40%
CAG,"1,930,353",48,45.80%
CT,"1,930,365",48,54.20%
CAG,"1,933,304",82,57.30%
C,"1,933,316",82,41.50%
G,"1,933,318",82,41.50%
CAG,"1,933,854",97,34.00%
CT,"1,933,866",97,66.00%
CAG,"1,936,343",32,37.50%
CT,"1,936,355",32,62.50%
CAG,"1,941,413",29,34.50%
CTG,"1,941,425",29,65.50%
CA,"1,941,538",12,33.30%
CTG,"1,941,550",10 -> 11,36.4% -> 40.0%
AG,"1,943,090",120,60.00%
CTG,"1,943,101",120,40.00%
CTG,"1,947,409",8,50.00%
CAG,"1,947,432",9,55.60%
TG,"1,947,445",9,44.40%
CTG,"1,950,316",9,100.00%
C,"1,963,390",77,54.50%
G,"1,963,392",77,54.50%
CTG,"1,963,402",77,45.50%
CA,"1,964,843",13,53.80%
C,"1,964,855",13,46.20%
G,"1,964,857",13,46.20%
CAG,"1,970,621",14,50.00%
CTG,"1,970,633",14,50.00%
CAG,"1,972,040",52,40.40%
C,"1,972,052",52,59.60%
CTG,"1,983,029",5,80.00%
CA,"1,986,115",7,57.10%
CTG,"1,986,127",7,42.90%
AG,"1,992,063",32,46.90%
CTG,"1,992,074",32,50.00%
CAG,"1,994,254",35,74.30%
CTG,"1,994,266",35,25.70%
CAG,"1,994,700",16,43.80%
CTG,"1,994,712",16,56.30%
CAG,"2,003,734",68,51.50%
C,"2,003,746",68,48.50%
G,"2,003,748",68,48.50%
C,"2,006,107",13,53.80%
G,"2,006,109",13,53.80%
C,"2,006,119",13,30.80%
G,"2,006,121",13,30.80%
CAG,"2,035,518",24,54.20%
CTG,"2,035,530",24,45.80%
CAG,"2,044,014",11,63.60%
G,"2,044,028",11,27.30%
CAG,"2,044,346",12,41.70%
TG,"2,044,359",12,41.70%
AG,"2,045,590",75,48.00%
CTG,"2,045,601",75,52.00%
CAG,"2,064,273",6,100.00%
C,"2,065,143",5,80.00%
CAG,"2,075,167",31,29.00%
C,"2,075,179",31,71.00%
G,"2,075,181",31,71.00%
CA,"2,079,105",25,40.00%
CTG,"2,079,117",25,60.00%
CA,"2,080,414",16,50.00%
CTG,"2,080,426",16,50.00%
CAG,"2,084,335",23,69.60%
C,"2,086,472",45,33.30%
G,"2,086,474",45,33.30%
CT,"2,086,484",45,64.40%
CAG,"2,086,621",34,61.80%
CAG,"2,097,057",135,51.90%
G,"2,097,071",135,48.10%
CAG,"2,100,735",14,42.90%
C,"2,100,747",14,57.10%
G,"2,100,749",14,57.10%
AG,"2,102,392",16,81.30%
AG,"2,111,790",35,60.00%
CTG,"2,111,801",35,40.00%
CAG,"2,113,560",34 -> 35,51.4% -> 52.9%
CT,"2,113,572",35,42.90%
CA,"2,113,738",65,33.80%
C,"2,113,750",65,63.10%
G,"2,113,752",65,63.10%
CAG,"2,117,534",71,46.50%
CTG,"2,117,546",71,53.50%
C,"2,122,176",6,50.00%
G,"2,122,178",6,50.00%
C,"2,122,188",6,50.00%
AG,"2,123,060",33,48.50%
C,"2,123,071",33,51.50%
G,"2,123,073",33,51.50%
CAG,"2,128,079",29,44.80%
CTG,"2,128,091",29,55.20%
CA,"2,128,743",74,74.30%
TG,"2,128,756",74,25.70%
C,"2,133,553",8,75.00%
G,"2,133,555",8,75.00%
AG,"2,136,271",43,53.50%
TG,"2,136,283",43,46.50%
CTG,"2,142,319",13,100.00%
CAG,"2,142,779",30,96.70%
CAG,"2,145,673",15,46.70%
CTG,"2,145,685",15,53.30%
C,"2,146,636",21,76.20%
G,"2,146,638",21,76.20%
C,"2,148,645",8,50.00%
G,"2,148,647",8,50.00%
CAG,"2,148,673",10,60.00%
CTG,"2,148,685",10,40.00%
CAG,"2,150,012",29,75.90%
CAG,"2,150,204",49,34.70%
CA,"2,150,230",86,53.50%
CTG,"2,155,212",9,44.40%
AG,"2,166,305",36,47.20%
CTG,"2,166,316",36,52.80%
AG,"2,172,776",44,27.30%
T,"2,172,788",44,65.90%
CAG,"2,179,926",86,31.40%
CTG,"2,179,938",86,68.60%
CA,"2,188,091",24,70.80%
CTG,"2,188,103",24,29.20%
G,"2,197,288",9,100.00%
CAG,"2,206,632",15,40.00%
TG,"2,206,645",18,33.30%
CA,"2,220,377",75,53.30%
TG,"2,222,318",5,100.00%
CAG,"2,226,295",132,58.30%
CTG,"2,226,307",132,39.40%
CAG,"2,232,311",6,33.30%
TG,"2,232,324",6,66.70%
AG,"2,232,813",50,62.00%
CTG,"2,232,824",50,38.00%
CA,"2,236,468",15,40.00%
CT,"2,236,480",15,60.00%
C,"2,239,311",18,55.60%
TG,"2,239,324",18,44.40%
G,"2,241,889",13,38.50%
CTG,"2,241,899",13,61.50%
AG,"2,245,351",19,68.40%
C,"2,245,362",19,31.60%
G,"2,245,364",19,31.60%
CAG,"2,249,072",65,73.80%
CTG,"2,249,084",65,26.20%
C,"2,250,360",64,45.30%
G,"2,250,362",64,45.30%
TG,"2,250,373",64,54.70%
CAG,"2,253,465",6,66.70%
CTG,"2,253,477",6,33.30%
CAG,"2,255,023",6,100.00%
TG,"2,255,352",18,100.00%
CA,"2,255,648",12,50.00%
T,"2,255,661",12,50.00%
AG,"2,257,875",116,65.50%
CTG,"2,257,886",116,34.50%
C,"2,258,685",48,100.00%
G,"2,258,687",48,100.00%
CAG,"2,278,749",7,71.40%
TG,"2,278,762",7,28.60%
A,"2,282,654",9,100.00%
C,"2,283,815",77,74.00%
G,"2,283,817",77,72.70%
CTG,"2,283,827",77,26.00%
CAG,"2,286,632",45,68.90%
CTG,"2,286,644",45,31.10%
CAG,"2,289,191",97,47.40%
CTG,"2,289,203",97,52.60%
AG,"2,290,492",8,25.00%
CT,"2,290,503",8,75.00%
CAG,"2,293,872",97,59.80%
CTG,"2,293,884",97,34.00%
C,"2,294,424",89,60.70%
G,"2,294,426",89,60.70%
CTG,"2,294,436",89,39.30%
CAG,"2,301,020",5,100.00%
CAG,"2,301,965",45,33.30%
G,"2,301,976",45,66.70%
C,"2,303,053",73,27.40%
G,"2,303,055",73,27.40%
CTG,"2,303,065",73,72.60%
C,"2,303,297",87,52.90%
G,"2,303,299",87,52.90%
CTG,"2,303,309",87,47.10%
C,"2,304,964",28,50.00%
G,"2,304,966",28,50.00%
TG,"2,304,977",28,50.00%
CAG,"2,306,902",52,67.30%
C,"2,306,914",52,32.70%
G,"2,306,916",52,32.70%
C,"2,315,216",25,80.00%
G,"2,315,218",25,80.00%
CAG,"2,318,887",68,51.50%
CTG,"2,318,899",68,48.50%
CTG,"2,319,336",50 -> 52,82.7% -> 86.0%
CA,"2,327,017",6,83.30%
C,"2,329,659",13,46.20%
G,"2,329,661",13,46.20%
CTG,"2,329,671",13,53.80%
AG,"2,330,659",6,50.00%
CTG,"2,330,670",6,50.00%
CAG,"2,332,193",136,40.40%
CTG,"2,332,205",136,59.60%
A,"2,344,856",47,61.70%
C,"2,344,867",47,38.30%
G,"2,344,869",47,38.30%
CA,"2,353,975",51,47.10%
T,"2,353,988",51,52.90%
CAG,"2,354,575",45,42.20%
CTG,"2,354,587",45,55.60%
CAG,"2,356,923",5,80.00%
CAG,"2,362,052",86,57.00%
C,"2,362,064",86,43.00%
G,"2,362,066",86,43.00%
CAG,"2,364,126",60,41.70%
CTG,"2,364,138",60,58.30%
CAG,"2,368,603",8,37.50%
CTG,"2,368,615",8,62.50%
CA,"2,377,288",89,29.20%
CTG,"2,377,300",89,70.80%
CAG,"2,381,709",101 -> 102,64.7% -> 65.3%
TG,"2,381,722",102,34.30%
CA,"2,382,010",31,35.50%
CTG,"2,382,022",31,64.50%
AG,"2,391,791",118,37.30%
TG,"2,391,803",118,62.70%
CAG,"2,391,986",23,82.60%
CAG,"2,401,525",29,51.70%
C,"2,401,537",29,48.30%
G,"2,401,539",29,48.30%
C,"2,402,381",6,33.30%
G,"2,402,383",6,33.30%
CTG,"2,402,393",6,66.70%
CAG,"2,405,142",37,29.70%
C,"2,405,154",37,70.30%
G,"2,405,156",37,70.30%
CAG,"2,409,973",39,82.10%
CA,"2,410,969",29,34.50%
CT,"2,410,981",29,65.50%
CTG,"2,414,115",35,74.30%
C,"2,416,856",8,25.00%
TG,"2,416,965",9,88.90%
C,"2,423,463",43,79.10%
G,"2,423,465",43,79.10%
CTG,"2,434,619",18 -> 19,26.3% -> 27.8%
CAG,"2,434,701",45,66.70%
CAG,"2,436,967",123,58.50%
CTG,"2,436,979",123,41.50%
C,"2,439,051",49,49.00%
G,"2,439,053",49,49.00%
TG,"2,439,064",49,51.00%
CA,"2,444,493",10,50.00%
CTG,"2,444,505",10,50.00%
AG,"2,455,858",27,59.30%
CTG,"2,455,869",32,28.10%
CAG,"2,456,038",54,40.70%
TG,"2,456,051",53,49.10%
C,"2,458,634",37,45.90%
G,"2,458,636",37,45.90%
CTG,"2,458,646",37,54.10%
CAG,"2,459,270",29,41.40%
TG,"2,459,283",29,58.60%
CAG,"2,460,675",100,45.00%
C,"2,460,687",100,55.00%
AG,"2,460,967",52,25.00%
CTG,"2,460,978",52,75.00%
CAG,"2,466,285",22,54.50%
T,"2,466,298",22,40.90%
CAG,"2,471,892",51,49.00%
TG,"2,471,905",51,51.00%
C,"2,473,227",8,100.00%
G,"2,473,229",8,100.00%
CAG,"2,482,926",114 -> 115,39.1% -> 39.5%
TG,"2,482,939",114,56.10%
CT,"2,492,129",15,100.00%
CAG,"2,507,454",42,47.60%
C,"2,507,466",42,52.40%
G,"2,507,468",42,52.40%
CT,"2,512,710",5,80.00%
CAG,"2,515,685",25,64.00%
T,"2,515,698",25,36.00%
CA,"2,516,473",16,62.50%
CTG,"2,516,485",16,37.50%
CAG,"2,519,832",27,48.10%
CT,"2,519,844",27,51.90%
CAG,"2,526,502",44,31.80%
C,"2,526,514",44,68.20%
G,"2,526,516",44,68.20%
TG,"2,531,613",19,84.20%
A,"2,544,374",31,29.00%
C,"2,544,385",31,71.00%
G,"2,544,387",31,71.00%
AG,"2,545,094",55,34.50%
C,"2,545,105",55,65.50%
G,"2,545,107",55,65.50%
AG,"2,546,782",8,62.50%
C,"2,546,793",8,37.50%
G,"2,546,795",8,37.50%
CAG,"2,547,599",10,50.00%
C,"2,547,611",10,50.00%
G,"2,547,613",10,50.00%
CTG,"2,548,611",8,100.00%
CTG,"2,555,001",35,82.90%
CA,"2,555,172",48,64.60%
CTG,"2,555,184",48,35.40%
C,"2,558,082",58,46.60%
G,"2,558,084",58,46.60%
CTG,"2,558,094",53,43.40%
CAG,"2,558,581",13,84.60%
CTG,"2,561,067",6,100.00%
CTG,"2,563,350",5,100.00%
CA,"2,565,476",55,47.30%
CTG,"2,565,488",55,52.70%
CAG,"2,566,106",32,59.40%
TG,"2,566,119",32,40.60%
CA,"2,567,572",63,49.20%
TG,"2,567,585",63,50.80%
C,"2,568,894",7,85.70%
G,"2,568,896",7,85.70%
A,"2,569,179",7,42.90%
CTG,"2,569,190",7,42.90%
G,"2,569,260",7,28.60%
C,"2,569,270",6,33.30%
G,"2,569,272",6,33.30%
CAG,"2,570,398",12,41.70%
TG,"2,570,411",12,58.30%
C,"2,572,177",37,62.20%
CTG,"2,572,189",37,37.80%
CA,"2,576,476",133,66.20%
CTG,"2,576,488",133,33.80%
CA,"2,581,045",46,41.30%
CTG,"2,581,057",46,58.70%
CAG,"2,582,116",20,80.00%
CAG,"2,582,864",40,40.00%
CTG,"2,582,876",40,60.00%
G,"2,585,811",16,37.50%
CTG,"2,585,821",16,62.50%
CAG,"2,589,125",32,75.00%
CTG,"2,589,137",32,25.00%
C,"2,592,783",9,77.80%
G,"2,592,785",9,77.80%
CA,"2,597,840",22,77.30%
C,"2,603,179",117,50.40%
G,"2,603,181",117,50.40%
CTG,"2,603,191",116,44.80%
CA,"2,604,195",133,34.60%
CT,"2,604,207",134,59.00%
CA,"2,620,627",138,62.30%
CTG,"2,620,639",138,37.00%
CAG,"2,621,965",82,51.20%
CTG,"2,621,977",82,47.60%
G,"2,625,152",190,56.30%
G,"2,625,164",190,43.70%
CAG,"2,625,603",101,40.60%
C,"2,625,615",101,59.40%
G,"2,625,617",101,59.40%
C,"2,625,910",90,41.10%
G,"2,625,912",90,40.00%
C,"2,625,922",90,58.90%
G,"2,625,924",90,58.90%
CAG,"2,631,087",14,42.90%
CTG,"2,631,099",14,57.10%
CAG,"2,637,064",10,50.00%
CTG,"2,637,076",8,37.50%
CAG,"2,637,404",141,68.10%
CTG,"2,637,416",142,29.60%
CTG,"2,641,231",5,60.00%
G,"2,641,547",45,55.60%
TG,"2,641,558",45,42.20%
CAG,"2,650,403",119,49.60%
TG,"2,650,416",119,50.40%
CTG,"2,655,557",8,100.00%
CAG,"2,658,785",6,33.30%
G,"2,658,799",6,66.70%
A,"2,659,899",5,40.00%
C,"2,659,910",5,60.00%
G,"2,659,912",5,60.00%
A,"2,667,282",13,38.50%
TG,"2,667,294",13,61.50%
CAG,"2,669,477",84,54.80%
CTG,"2,669,489",84,45.20%
G,"2,675,360",6,33.30%
T,"2,675,371",6,66.70%
CAG,"2,680,716",31,48.40%
T,"2,680,729",31,51.60%
A,"2,689,860",13,61.50%
CTG,"2,689,871",14,28.60%
CAG,"2,698,467",304,63.20%
CT,"2,698,479",304,36.80%
CAG,"2,698,842",52,48.10%
CTG,"2,698,854",52,50.00%
CAG,"2,699,311",48,31.30%
CTG,"2,699,323",48,68.80%
CAG,"2,701,341",28,67.90%
TG,"2,701,354",28,32.10%
CAG,"2,702,658",10,80.00%
G,"2,705,940",129,60.50%
CT,"2,705,950",129,39.50%
C,"2,706,391",26,57.70%
G,"2,706,393",26,57.70%
CTG,"2,706,404",26,42.30%
C,"2,708,474",19,63.20%
G,"2,708,476",19,63.20%
CT,"2,708,486",19,36.80%
CAG,"2,708,840",44,50.00%
CTG,"2,708,852",44,40.90%
CAG,"2,708,985",29,37.90%
C,"2,708,997",28,50.00%
G,"2,708,999",28,50.00%
TG,"2,712,048",7,85.70%
G,"2,720,685",7,57.10%
TG,"2,720,696",7,42.90%
CAG,"2,725,522",7,57.10%
CTG,"2,725,534",7,42.90%
AG,"2,728,312",26,57.70%
CTG,"2,728,323",26,42.30%
CA,"2,730,416",73,39.70%
CTG,"2,730,428",73,60.30%
C,"2,731,888",83,39.80%
G,"2,731,890",83,39.80%
CTG,"2,731,900",83,60.20%
AG,"2,738,680",16,37.50%
CAG,"2,738,690",33,51.50%
CT,"2,738,702",31,25.80%
CAG,"2,741,716",147,52.40%
C,"2,741,728",147,47.60%
G,"2,741,730",147,47.60%
CAG,"2,750,046",35,74.30%
G,"2,750,060",35,25.70%
CA,"2,752,368",8,37.50%
TG,"2,752,382",8,25.00%
CAG,"2,752,492",55,78.20%
CAG,"2,753,696",85,48.20%
CTG,"2,753,708",85,51.80%
AG,"2,755,770",69,39.10%
T,"2,755,782",69,59.40%
CA,"2,757,074",51,54.90%
CTG,"2,757,086",51,43.10%
CAG,"2,757,560",27,59.30%
TG,"2,757,573",27,37.00%
TG,"2,764,326",15,80.00%
CTG,"2,765,181",45 -> 49,26.5% -> 28.9%
G,"2,765,232",53,26.40%
G,"2,765,244",53,73.60%
CAG,"2,767,156",6,66.70%
C,"2,767,168",6,33.30%
G,"2,767,170",6,33.30%
C,"2,767,695",38,65.80%
G,"2,767,697",38,65.80%
TG,"2,767,708",38,34.20%
CAG,"2,768,315",7,42.90%
CAG,"2,768,396",11,45.50%
C,"2,768,408",11,36.40%
G,"2,768,410",11,36.40%
G,"2,769,605",8,87.50%
CA,"2,770,064",21,100.00%
CAG,"2,772,335",45,91.10%
AG,"2,774,583",20,50.00%
CTG,"2,774,594",20,50.00%
CAG,"2,775,750",12,50.00%
TG,"2,775,763",12,50.00%
CA,"2,779,558",87,43.70%
CT,"2,779,570",87,50.60%
CAG,"2,783,853",31,45.20%
C,"2,783,865",31,54.80%
G,"2,783,867",31,54.80%
CAG,"2,784,946",70,67.10%
TG,"2,784,959",70,32.90%
CAG,"2,790,985",53,49.10%
CTG,"2,790,997",53,50.90%
CAG,"2,792,138",54,48.10%
CTG,"2,792,150",54,51.90%
CAG,"2,795,671",26,61.50%
CTG,"2,795,683",26,38.50%
CAG,"2,796,557",17,58.80%
CT,"2,796,569",17,41.20%
C,"2,796,835",12,50.00%
G,"2,796,837",12,50.00%
C,"2,796,847",12,50.00%
G,"2,796,849",12,50.00%
CAG,"2,797,116",37,43.20%
TG,"2,797,129",37,54.10%
AG,"2,797,946",61,32.80%
TG,"2,797,958",61,67.20%
CAG,"2,799,846",21,38.10%
CTG,"2,799,858",21,61.90%
TG,"2,803,047",25,56.00%
CAG,"2,808,399",14,57.10%
TG,"2,808,410",14,42.90%
AG,"2,822,553",119,45.40%
CTG,"2,822,564",119,54.60%
CAG,"2,824,067",78,43.60%
TG,"2,824,080",78,56.40%
CA,"2,829,710",27,63.00%
CTG,"2,829,722",27,37.00%
CA,"2,837,738",47,42.60%
TG,"2,837,751",47,57.40%
CTG,"2,838,775",62,75.80%
G,"2,841,694",46,67.40%
CTG,"2,841,704",46,32.60%
CAG,"2,845,017",79,31.60%
CTG,"2,845,029",79,67.10%
CT,"2,847,171",27,100.00%
CAG,"2,852,059",34,67.60%
CT,"2,852,071",34,32.40%
CA,"2,852,650",90,27.80%
TG,"2,852,663",90,72.20%
CAG,"2,856,305",10,50.00%
C,"2,856,317",10,50.00%
G,"2,856,319",10,50.00%
CAG,"2,856,880",10,50.00%
C,"2,856,892",10,50.00%
G,"2,856,894",10,50.00%
CAG,"2,859,839",81,51.90%
T,"2,859,852",81,46.90%
C,"2,861,041",91,45.10%
CTG,"2,861,053",91,54.90%
AG,"2,867,765",34,67.60%
CTG,"2,867,775",34,32.40%
CAG,"2,868,840",50,50.00%
CTG,"2,868,852",50,50.00%
AG,"2,869,277",105,45.70%
CTG,"2,869,288",101,48.50%
CAG,"2,871,824",166,44.00%
G,"2,871,838",166,56.00%
CAG,"2,873,552",12,33.30%
CTG,"2,873,564",12,66.70%
CTG,"2,874,050",55,76.40%
CTG,"2,874,841",5,100.00%
CAG,"2,875,540",217,38.20%
CTG,"2,875,552",217,61.80%
CAG,"2,876,775",64,34.40%
TG,"2,876,788",64,65.60%
CAG,"2,878,626",5,60.00%
CA,"2,879,023",78,41.00%
CTG,"2,879,035",78,57.70%
C,"2,879,721",53,62.30%
G,"2,879,723",53,62.30%
CTG,"2,879,733",53,37.70%
CAG,"2,880,761",5,100.00%
C,"2,886,711",10,40.00%
G,"2,886,713",13,30.80%
AG,"2,886,850",183,69.40%
CTG,"2,886,861",183,29.00%
CAG,"2,887,786",97,47.40%
CTG,"2,887,798",97,52.60%
CAG,"2,889,398",6,83.30%
CAG,"2,890,234",77,32.50%
CT,"2,890,243",77,67.50%
CA,"2,891,238",8,37.50%
C,"2,891,250",8,62.50%
G,"2,891,252",8,62.50%
AG,"2,891,774",100,56.00%
CTG,"2,891,785",100,44.00%
CA,"2,898,069",10,40.00%
CAG,"2,898,082",13 -> 15,33.3% -> 38.5%
CTG,"2,898,094",13,30.80%
TG,"2,900,543",18,83.30%
C,"2,902,661",64,42.20%
G,"2,902,663",64,42.20%
TG,"2,902,674",64,57.80%
C,"2,905,321",19,57.90%
G,"2,905,323",19,57.90%
CTG,"2,905,333",19,42.10%
C,"2,905,506",8,37.50%
G,"2,905,508",8,37.50%
CAG,"2,906,548",52,57.70%
CTG,"2,906,560",54,40.70%
C,"2,906,771",34,47.10%
G,"2,906,773",34,47.10%
C,"2,906,783",34,50.00%
G,"2,906,785",34,50.00%
C,"2,909,927",84,48.80%
G,"2,909,929",84,48.80%
CTG,"2,909,939",84,51.20%
CAG,"2,911,445",62,30.60%
CTG,"2,911,457",63 -> 64,65.6% -> 66.7%
AG,"2,911,587",20,25.00%
CT,"2,911,598",16 -> 17,29.4% -> 31.3%
CAG,"2,912,631",93,69.90%
CTG,"2,912,643",93,30.10%
C,"2,914,075",9,77.80%
G,"2,914,077",9,77.80%
CAG,"2,918,313",72,37.50%
G,"2,918,327",72,56.90%
G,"2,919,923",10,50.00%
C,"2,919,934",10,50.00%
CA,"2,920,253",45,31.10%
G,"2,920,267",45,68.90%
C,"2,922,964",119,59.70%
G,"2,922,966",119,59.70%
C,"2,922,976",119,40.30%
G,"2,922,978",119,40.30%
CA,"2,924,981",7,57.10%
C,"2,924,993",7,42.90%
G,"2,924,995",7,42.90%
CAG,"2,931,451",40,52.50%
CTG,"2,931,463",40,45.00%
G,"2,933,445",91,36.30%
G,"2,933,457",91,63.70%
CAG,"2,936,896",59,30.50%
TG,"2,936,909",59,69.50%
CAG,"2,939,676",57,38.60%
CTG,"2,939,688",57,61.40%
CAG,"2,940,891",123,36.60%
G,"2,940,905",123,63.40%
CAG,"2,941,930",7,71.40%
CT,"2,941,942",7,28.60%
CAG,"2,946,944",111,30.60%
CTG,"2,946,956",111,68.50%
CA,"2,949,740",180,67.20%
CTG,"2,949,752",180,32.20%
CAG,"2,950,330",9,55.60%
TG,"2,950,343",9,44.40%
CAG,"2,955,052",29,31.00%
CTG,"2,955,064",29,69.00%
CTG,"2,956,165",123,64.20%
CAG,"2,956,302",112,43.80%
CTG,"2,956,314",111,54.10%
C,"2,957,734",16,81.30%
G,"2,957,736",16,81.30%
CA,"2,967,965",19,26.30%
TG,"2,967,978",19,73.70%
CAG,"2,968,398",80,46.30%
TG,"2,968,411",80,50.00%
CA,"2,974,897",15,33.30%
CTG,"2,974,909",15,66.70%
CA,"2,975,401",6,66.70%
CTG,"2,975,413",6,33.30%
C,"2,978,891",51,39.20%
C,"2,978,903",51,56.90%
G,"2,978,905",51,56.90%
AG,"2,983,195",10,60.00%
CTG,"2,983,206",10,40.00%
TG,"2,984,285",35,80.00%
G,"2,986,871",64,46.90%
TG,"2,986,882",64,53.10%
C,"2,989,715",63,92.10%
G,"2,989,717",63,92.10%
AG,"2,997,997",75,46.70%
C,"2,998,008",75,53.30%
CAG,"2,998,636",44,52.30%
T,"2,998,649",44,45.50%
AG,"2,998,979",7,85.70%
AG,"2,999,997",37,51.40%
CTG,"3,000,008",37,48.60%
C,"3,001,592",23,39.10%
G,"3,001,594",23,39.10%
CAG,"3,001,696",74,31.10%
CTG,"3,001,708",72 -> 74,29.7% -> 30.6%
C,"3,001,738",104,51.90%
G,"3,001,740",104,51.90%
CA,"3,008,866",164,47.60%
CTG,"3,008,878",164,52.40%
CTG,"3,013,809",166,78.90%
A,"3,018,148",63,65.10%
CTG,"3,018,159",63,33.30%
CAG,"3,019,174",61,47.50%
CTG,"3,019,186",61,52.50%
CA,"3,019,245",49,46.90%
G,"3,020,863",16,56.30%
CTG,"3,020,873",16,43.80%
CAG,"3,021,687",64,51.60%
TG,"3,021,700",64,43.80%
CAG,"3,022,638",74,40.50%
TG,"3,022,651",74,59.50%
C,"3,024,224",71,59.20%
TG,"3,024,237",71,40.80%
CAG,"3,025,018",146,39.00%
C,"3,025,030",146,58.90%
G,"3,025,032",146,58.90%
G,"3,027,590",5,60.00%
TG,"3,027,601",5,40.00%
AG,"3,029,206",29,62.10%
CTG,"3,029,217",29,37.90%
G,"3,029,752",9,77.80%
CAG,"3,032,753",8,37.50%
C,"3,032,765",8,62.50%
AG,"3,033,297",60,46.70%
TG,"3,033,309",60,53.30%
CAG,"3,034,607",108,38.90%
CTG,"3,034,619",108,60.20%
CAG,"3,035,125",6,50.00%
CT,"3,035,137",6,50.00%
CA,"3,037,902",106,34.00%
CTG,"3,037,914",108,59.30%
CAG,"3,038,008",49,49.00%
CAG,"3,039,526",32,50.00%
G,"3,039,540",32,50.00%
CA,"3,039,834",5,100.00%
CTG,"3,040,549",49 -> 50,86.0% -> 87.8%
CTG,"3,040,614",8,87.50%
C,"3,041,561",16,37.50%
G,"3,041,563",16,37.50%
C,"3,041,573",16,56.30%
G,"3,041,575",16,56.30%
G,"3,045,592",28,53.60%
C,"3,045,603",28,46.40%
G,"3,045,605",28,46.40%
CA,"3,046,750",9,66.70%
TG,"3,046,763",9,33.30%
G,"3,047,316",96,46.90%
TG,"3,047,327",96,46.90%
CAG,"3,048,685",90,47.80%
CTG,"3,048,697",89,51.70%
CAG,"3,052,385",7,71.40%
CTG,"3,052,397",7,28.60%
CAG,"3,053,692",53,47.20%
CTG,"3,053,699",53,50.90%
G,"3,055,623",9,77.80%
CAG,"3,071,845",14,28.60%
CT,"3,071,857",14,71.40%
CAG,"3,075,504",73,68.50%
C,"3,075,516",73,31.50%
G,"3,075,518",73,31.50%
G,"3,076,280",10,80.00%
CA,"3,076,751",40,55.00%
TG,"3,076,764",40,45.00%
C,"3,077,164",30,80.00%
G,"3,077,166",30,80.00%
C,"3,079,593",65,95.40%
G,"3,079,595",65,95.40%
C,"3,079,846",72,59.70%
G,"3,079,848",70,61.40%
CTG,"3,079,858",69,34.80%
CTG,"3,083,016",6,100.00%
CA,"3,087,502",86,46.50%
TG,"3,087,515",86,52.30%
C,"3,088,084",89,53.90%
GG,"3,088,086",89,52.80%
TG,"3,088,098",89,44.90%
G,"3,088,511",25,52.00%
T,"3,088,522",25,48.00%
TG,"3,089,515",10,100.00%
CAG,"3,091,603",139,34.50%
CTG,"3,091,615",139,65.50%
CAG,"3,092,159",62,54.80%
G,"3,092,173",62,45.20%
CA,"3,096,741",11,54.50%
CTG,"3,096,753",11,45.50%
C,"3,097,660",7,42.90%
CTG,"3,097,672",7,57.10%
CA,"3,098,519",17,52.90%
C,"3,098,531",17,47.10%
G,"3,098,533",17,47.10%
CAG,"3,099,242",178,33.10%
TG,"3,099,255",178,66.90%
CAG,"3,100,146",32,46.90%
CT,"3,100,158",32,53.10%
CAG,"3,102,060",49,32.70%
CTG,"3,102,072",49,67.30%
CAG,"3,102,861",62,41.90%
C,"3,102,873",62,58.10%
AG,"3,103,916",12,66.70%
CTG,"3,103,927",12,33.30%
CAG,"3,104,936",36,41.70%
TG,"3,104,949",36,58.30%
T,"3,106,601",7,28.60%
CAG,"3,106,716",30,66.70%
C,"3,106,727",30,33.30%
T,"3,108,689",10,80.00%
AG,"3,108,919",21,33.30%
CTG,"3,108,926",21,66.70%
C,"3,109,404",33,100.00%
CAG,"3,110,952",66,39.40%
CTG,"3,110,964",66,60.60%
C,"3,112,601",87,75.90%
G,"3,112,603",87,75.90%
CAG,"3,115,650",14,100.00%
CAG,"3,116,464",9,100.00%
CAG,"3,118,238",135,43.00%
CTG,"3,118,250",135,57.00%
C,"3,118,708",6,50.00%
G,"3,118,710",6,33.30%
C,"3,118,720",6,50.00%
C,"3,119,220",35,77.10%
G,"3,119,222",35,77.10%
CAG,"3,120,495",8,87.50%
TG,"3,125,553",5,80.00%
CAG,"3,137,590",5,60.00%
CTG,"3,137,602",5,40.00%
G,"3,139,535",64,46.90%
TG,"3,139,546",64,53.10%
CAG,"3,140,776",5,60.00%
CAG,"3,141,447",60,50.00%
TG,"3,141,460",60,50.00%
CAG,"3,142,455",71,45.10%
CTG,"3,142,467",71,52.10%
C,"3,145,199",79,36.70%
G,"3,145,201",79,36.70%
G,"3,145,213",79,63.30%
CTG,"3,145,977",7,85.70%
C,"3,147,477",14,50.00%
G,"3,147,479",14,50.00%
T,"3,147,490",14,50.00%
TG,"3,148,111",25,84.00%
C,"3,155,351",7,28.60%
G,"3,155,353",7,28.60%
C,"3,155,359",7,71.40%
G,"3,155,361",7,71.40%
CAG,"3,156,296",14,35.70%
C,"3,156,308",14,64.30%
G,"3,156,310",14,64.30%
CAG,"3,160,350",26,34.60%
G,"3,160,364",30,46.70%
CAG,"3,160,596",96,50.00%
CTG,"3,160,608",96,50.00%
CAG,"3,161,285",9,66.70%
C,"3,161,568",41,41.50%
CTG,"3,161,580",41,58.50%
CA,"3,162,580",147,44.20%
CTG,"3,162,592",145 -> 147,51.0% -> 51.7%
AG,"3,165,090",55,100.00%
CAG,"3,167,922",110,54.50%
CTG,"3,167,934",110,41.80%
CAG,"3,169,581",81,63.00%
C,"3,169,593",81,37.00%
G,"3,169,595",81,37.00%
CAG,"3,171,814",74,41.90%
C,"3,171,826",74,58.10%
G,"3,171,828",74,58.10%
AG,"3,172,800",51,35.30%
CTG,"3,172,811",51,62.70%
C,"3,178,752",21,52.40%
G,"3,178,754",21,47.60%
C,"3,178,764",21,47.60%
G,"3,178,766",21,47.60%
TG,"3,181,388",14,85.70%
CAG,"3,181,707",39,38.50%
TG,"3,181,720",39,61.50%
G,"3,186,967",22,68.20%
TG,"3,186,978",22,31.80%
CAG,"3,187,627",74,50.00%
CT,"3,187,639",74,50.00%
AG,"3,187,988",12,66.70%
G,"3,188,001",12,33.30%
CAG,"3,189,134",10,30.00%
CT,"3,189,146",10,70.00%
CAG,"3,190,397",106,82.10%
CAG,"3,192,471",17,52.90%
CTG,"3,192,483",17,47.10%
A,"3,195,053",31,45.20%
TG,"3,195,065",31,54.80%
AG,"3,195,529",37,73.00%
CTG,"3,195,540",37,27.00%
CAG,"3,197,604",157,27.40%
TG,"3,197,617",157,70.70%
CAG,"3,198,600",10,90.00%
CA,"3,200,218",150 -> 151,31.1% -> 31.3%
CTG,"3,200,230",153,65.40%
G,"3,200,343",31,38.70%
AG,"3,200,579",15,53.30%
CTG,"3,200,590",15,46.70%
CAG,"3,203,585",6,50.00%
CT,"3,203,597",6,50.00%
CA,"3,203,846",77,61.00%
C,"3,203,858",77,39.00%
CA,"3,204,224",52,25.00%
CTG,"3,204,236",52,75.00%
CAG,"3,208,832",30,63.30%
C,"3,208,844",30,33.30%
AG,"3,209,629",123,48.80%
CTG,"3,209,640",123,51.20%
CAG,"3,210,456",36,44.40%
C,"3,210,468",36,55.60%
CAG,"3,213,048",64,46.90%
CAG,"3,214,012",11,27.30%
CTG,"3,214,024",11,72.70%
CAG,"3,215,392",6,50.00%
G,"3,215,406",6,33.30%
C,"3,217,240",53,41.50%
G,"3,217,242",53,41.50%
CTG,"3,217,252",53,58.50%
CAG,"3,219,709",20,35.00%
CTG,"3,219,721",26,42.30%
CAG,"3,219,891",128,63.30%
G,"3,219,905",126,34.90%
A,"3,220,171",39,97.40%
CTG,"3,221,939",7,71.40%
G,"3,222,379",26,42.30%
CT,"3,222,389",26,57.70%
C,"3,223,640",6,66.70%
G,"3,223,642",6,66.70%
C,"3,223,652",6,33.30%
G,"3,223,654",6,33.30%
CAG,"3,233,608",104,31.70%
CTG,"3,233,620",104,65.40%
C,"3,234,659",101,34.70%
G,"3,234,661",101,34.70%
CTG,"3,234,671",101,63.40%
CA,"3,238,089",9,88.90%
CAG,"3,239,013",18,72.20%
CTG,"3,239,025",18,27.80%
C,"3,240,950",7,42.90%
G,"3,240,952",7,42.90%
TG,"3,240,963",8,25.00%
CAG,"3,241,114",58,70.70%
CTG,"3,241,126",57,26.30%
C,"3,242,438",18,27.80%
G,"3,242,440",18,27.80%
CAG,"3,242,520",22,45.50%
CTG,"3,242,532",22,45.50%
CAG,"3,244,204",27,55.60%
C,"3,244,216",27,44.40%
G,"3,244,218",27,44.40%
CAG,"3,251,792",33,36.40%
CTG,"3,251,801",33,63.60%
G,"3,251,938",7,57.10%
CAG,"3,252,853",117,40.20%
C,"3,252,865",117,59.00%
G,"3,252,867",117,59.00%
C,"3,253,450",7,85.70%
CAG,"3,253,665",10,60.00%
CTG,"3,253,677",10,40.00%
T,"3,254,898",68,29.40%
CAG,"3,254,944",86,45.30%
CT,"3,254,956",86,39.50%
CAG,"3,256,312",34,35.30%
CTG,"3,256,324",34 -> 35,25.7% -> 26.5%
AG,"3,256,427",78,60.30%
CT,"3,256,438",78,28.20%
CAG,"3,258,089",11,63.60%
TG,"3,258,102",11,36.40%
CA,"3,260,174",44,52.30%
G,"3,260,188",44,47.70%
CAG,"3,260,956",93,43.00%
C,"3,260,968",93,57.00%
G,"3,260,970",93,57.00%
CAG,"3,261,132",12,50.00%
G,"3,261,146",12,25.00%
G,"3,261,576",79,54.40%
CTG,"3,261,586",79,45.60%
C,"3,262,166",18,50.00%
C,"3,262,178",18,50.00%
G,"3,262,180",18,50.00%
CAG,"3,266,365",74,29.70%
CTG,"3,266,377",74,68.90%
CAG,"3,267,256",40,32.50%
C,"3,267,268",40,67.50%
G,"3,267,270",40,65.00%
AG,"3,267,811",87,59.80%
CT,"3,267,822",87,39.10%
G,"3,269,090",67,50.70%
G,"3,269,102",67,49.30%
CAG,"3,269,888",5,60.00%
C,"3,269,900",5,40.00%
G,"3,269,902",5,40.00%
CAG,"3,271,123",128,53.10%
G,"3,271,137",128,46.90%
G,"3,271,518",92,53.30%
G,"3,271,530",92,41.30%
CAG,"3,271,676",56,44.60%
CTG,"3,271,688",52,32.70%
C,"3,274,832",209,40.20%
G,"3,274,834",209,40.20%
G,"3,274,847",210,47.60%
T,"3,275,095",92,68.50%
CT,"3,275,169",46,32.60%
AG,"3,276,369",7,85.70%
TG,"3,277,901",13,92.30%
C,"3,279,810",8,37.50%
G,"3,279,812",8,37.50%
TG,"3,279,823",8,62.50%
CAG,"3,280,137",146,50.00%
CTG,"3,280,149",137,43.80%
G,"3,289,213",149,53.70%
C,"3,289,223",149,46.30%
AG,"3,291,236",11,90.90%
CAG,"3,292,930",10,60.00%
CTG,"3,292,941",10,40.00%
CAG,"3,303,686",116,54.30%
CTG,"3,303,698",116,45.70%
C,"3,304,984",349,71.30%
G,"3,304,986",349,71.30%
TG,"3,304,997",349,28.70%
AG,"3,306,201",21,52.40%
CTG,"3,306,212",21,33.30%
AG,"3,306,434",68,64.70%
G,"3,306,447",68,35.30%
C,"3,308,881",41,51.20%
C,"3,308,893",40,47.50%
G,"3,308,895",40,47.50%
CA,"3,311,308",54,44.40%
CTG,"3,311,320",54,55.60%
CTG,"3,311,886",7,85.70%
CAG,"3,317,631",34,64.70%
CTG,"3,317,643",34,35.30%
CAG,"3,320,082",25,52.00%
C,"3,320,094",25,48.00%
AG,"3,321,636",157,38.90%
TG,"3,321,648",163,56.40%
CAG,"3,324,496",6,33.30%
CTG,"3,324,508",6,66.70%
CAG,"3,325,985",6,100.00%
CAG,"3,326,941",117,100.00%
A,"3,327,991",89,66.30%
CTG,"3,328,002",89,33.70%
CA,"3,328,623",97,63.90%
CTG,"3,328,635",97,36.10%
CAG,"3,330,485",7,71.40%
CTG,"3,330,497",7,28.60%
CTG,"3,331,022",5,80.00%
C,"3,331,715",136,81.60%
G,"3,331,717",136,81.60%
AG,"3,333,190",8,62.50%
CTG,"3,333,201",8,37.50%
CAG,"3,334,983",9,33.30%
T,"3,334,996",10,50.00%
CTG,"3,335,218",5,100.00%
CA,"3,341,127",41,48.80%
G,"3,341,141",41,51.20%
CAG,"3,341,820",159,47.80%
TG,"3,341,833",159,51.60%
CA,"3,344,363",97,40.20%
T,"3,344,376",97,59.80%
CAG,"3,345,327",15,100.00%
C,"3,349,203",49,49.00%
G,"3,349,205",49,49.00%
CA,"3,357,872",168,56.00%
CT,"3,357,883",168,44.00%
CAG,"3,359,267",53,47.20%
TG,"3,359,280",53,50.90%
CA,"3,360,296",99,59.60%
CT,"3,360,308",99,40.40%
AG,"3,361,736",144,30.60%
TG,"3,361,748",144,69.40%
TG,"3,362,989",57,100.00%
CAG,"3,363,523",9,33.30%
CTG,"3,363,536",9,66.70%
CAG,"3,365,654",7,28.60%
CTG,"3,365,663",7,71.40%
C,"3,365,966",54,64.80%
A,"3,366,126",118,44.90%
CTG,"3,366,137",118,55.10%
CAG,"3,366,613",118,60.20%
CTG,"3,366,625",118,39.80%
C,"3,366,728",88,43.20%
G,"3,366,730",87,43.70%
C,"3,367,352",9,33.30%
G,"3,367,354",9,33.30%
C,"3,367,364",9,66.70%
G,"3,367,366",9,66.70%
CAG,"3,367,611",6,50.00%
TG,"3,367,624",6,50.00%
CAG,"3,370,225",42,35.70%
TG,"3,370,238",42,64.30%
CAG,"3,371,370",12,66.70%
CTG,"3,371,378",12,33.30%
CAG,"3,377,005",49,28.60%
AG,"3,377,011",101,51.50%
C,"3,377,022",99,28.30%
G,"3,377,024",99,28.30%
AG,"3,379,679",43,100.00%
C,"3,380,623",20,70.00%
G,"3,380,625",20,70.00%
CTG,"3,380,635",20,30.00%
CAG,"3,383,656",21,42.90%
CTG,"3,383,668",21,57.10%
TG,"3,385,983",18,77.80%
CAG,"3,390,135",8,87.50%
CAG,"3,398,229",77,55.80%
G,"3,398,242",77,35.10%
CAG,"3,400,483",27,25.90%
TG,"3,400,496",27,74.10%
CAG,"3,402,244",13,38.50%
T,"3,402,257",14,42.90%
CTG,"3,402,400",11,81.80%
CAG,"3,404,912",36,58.30%
CTG,"3,404,924",36,41.70%
CAG,"3,406,721",99,58.60%
CT,"3,406,733",99,40.40%
CA,"3,407,649",116,61.20%
C,"3,407,661",116,38.80%
G,"3,407,663",116,38.80%
C,"3,408,595",94,63.80%
G,"3,408,597",94,63.80%
C,"3,408,607",94,36.20%
G,"3,408,609",94,36.20%
CA,"3,410,034",38,60.50%
CTG,"3,410,046",38,39.50%
C,"3,413,586",94,53.20%
CTG,"3,413,598",94,46.80%
CTG,"3,415,169",29,100.00%
CAG,"3,415,808",57,35.10%
TG,"3,415,821",57,64.90%
CA,"3,420,418",27,66.70%
C,"3,420,430",27,33.30%
G,"3,420,432",27,33.30%
C,"3,421,596",40,52.50%
CTG,"3,421,608",40,47.50%
CTG,"3,424,494",65,69.20%
G,"3,425,745",9,88.90%
CAG,"3,426,862",7,28.60%
CTG,"3,426,874",7,71.40%
CAG,"3,429,320",224,43.80%
CTG,"3,429,332",224,55.80%
AG,"3,432,185",7,57.10%
TG,"3,432,197",7,42.90%
CAG,"3,434,248",105,36.20%
TG,"3,434,261",105,63.80%
CAG,"3,441,498",40,57.50%
TG,"3,441,511",40,35.00%
CAG,"3,442,034",16,100.00%
CA,"3,443,399",120,29.20%
C,"3,443,411",120,70.80%
G,"3,443,413",120,70.80%
CAG,"3,449,194",13,76.90%
C,"3,452,030",61,78.70%
CAG,"3,452,942",7,71.40%
CTG,"3,452,954",7,28.60%
CAG,"3,464,574",50,82.00%
AG,"3,470,887",69,49.30%
CTG,"3,470,898",69,50.70%
CAG,"3,473,888",9,33.30%
CTG,"3,473,900",11,54.50%
CAG,"3,481,305",11,54.50%
TG,"3,481,318",11,45.50%
C,"3,484,561",17,58.80%
G,"3,484,563",17,58.80%
CTG,"3,484,573",17,41.20%
CAG,"3,502,518",52,53.80%
CTG,"3,502,531",52,46.20%
AG,"3,502,768",6,66.70%
A,"3,502,896",6,33.30%
CTG,"3,502,907",6,50.00%
T,"3,507,022",6,50.00%
TG,"3,511,062",14,42.90%
TG,"3,511,080",10,50.00%
AG,"3,512,242",5,100.00%
CA,"3,519,313",47,83.00%
C,"3,521,701",63,46.00%
G,"3,521,703",63,46.00%
CTG,"3,521,713",63,54.00%
CAG,"3,522,423",83 -> 84,56.0% -> 56.6%
CTG,"3,522,435",84,42.90%
C,"3,524,392",71,63.40%
G,"3,524,394",71,63.40%
G,"3,524,406",71,36.60%
AG,"3,525,963",32,25.00%
CTG,"3,525,974",32,71.90%
CT,"3,532,353",5,80.00%
CAG,"3,534,353",26,30.80%
CTG,"3,534,365",26,69.20%
CAG,"3,535,903",27,37.00%
TG,"3,535,916",27,44.40%
AG,"3,535,928",25,40.00%
CAG,"3,536,898",40,75.00%
C,"3,536,910",40,25.00%
G,"3,536,912",40,25.00%
CTG,"3,537,168",17,94.10%
CTG,"3,537,681",9,100.00%
CA,"3,539,017",12,100.00%
CAG,"3,539,599",5,40.00%
C,"3,539,938",86,64.00%
G,"3,539,940",86,62.80%
CT,"3,539,950",86,36.00%
C,"3,540,964",9,33.30%
G,"3,540,966",9,33.30%
C,"3,540,976",9,44.40%
AG,"3,541,827",419,26.70%
CTG,"3,541,838",325,35.70%
AG,"3,542,462",70,58.60%
G,"3,542,474",70,41.40%
TG,"3,544,273",140,78.60%
CAG,"3,545,178",6,100.00%
AG,"3,546,334",32,53.10%
G,"3,546,347",32,46.90%
CAG,"3,547,382",48,62.50%
CTG,"3,547,394",48,37.50%
C,"3,547,622",38,50.00%
T,"3,547,635",38,47.40%
CAG,"3,548,405",16,37.50%
CTG,"3,548,417",16,62.50%
CA,"3,553,075",9,55.60%
TG,"3,553,088",9,44.40%
AG,"3,553,546",173,47.40%
TG,"3,553,558",173,52.00%
A,"3,554,905",14,64.30%
CTG,"3,554,916",14,35.70%
CAG,"3,556,448",158,31.00%
CTG,"3,556,460",158,69.00%
AG,"3,556,944",20,50.00%
TG,"3,556,956",20,50.00%
CAG,"3,559,262",47,72.30%
CTG,"3,559,274",47,27.70%
CAG,"3,564,346",152,56.60%
C,"3,564,358",152,43.40%
G,"3,564,360",152,43.40%
CAG,"3,567,005",81,65.40%
CTG,"3,567,017",81,34.60%
C,"3,568,451",76,77.60%
G,"3,568,453",76,77.60%
AG,"3,571,251",9,33.30%
CTG,"3,571,262",9,66.70%
CAG,"3,571,703",43,37.20%
C,"3,571,715",43,62.80%
G,"3,571,717",43,62.80%
CTG,"3,572,201",63,73.00%
A,"3,578,771",7,28.60%
CTG,"3,578,782",7,71.40%
CAG,"3,579,234",59,37.30%
CTG,"3,579,246",59,62.70%
CAG,"3,580,071",11,72.70%
CTG,"3,580,083",11,27.30%
AG,"3,585,635",222,38.70%
CTG,"3,585,646",222,60.40%
CAG,"3,587,106",54,31.50%
CT,"3,587,118",54,68.50%
CTG,"3,588,384",5,80.00%
A,"3,591,936",129,48.10%
C,"3,591,947",129,51.20%
G,"3,591,949",129,51.20%
C,"3,593,359",103,32.00%
G,"3,593,361",103,32.00%
CTG,"3,593,371",103,68.00%
CAG,"3,593,740",135,32.60%
TG,"3,593,753",137,30.70%
AG,"3,593,788",141,31.20%
C,"3,593,799",141,36.20%
G,"3,593,801",141,36.20%
CA,"3,594,284",6,100.00%
TG,"3,594,512",77,75.30%
CAG,"3,594,705",120,77.50%
CA,"3,595,533",8,62.50%
CTG,"3,595,545",8,37.50%
CA,"3,598,820",86,52.30%
CTG,"3,598,832",86,47.70%
CA,"3,602,030",5,60.00%
CTG,"3,602,042",5,40.00%
C,"3,610,354",32,46.90%
TG,"3,610,367",32,53.10%
CA,"3,612,178",120,55.00%
CTG,"3,612,190",120,45.00%
C,"3,612,974",7,28.60%
G,"3,612,976",7,28.60%
CT,"3,612,986",7,57.10%
CAG,"3,616,352",119,53.80%
TG,"3,616,365",119,45.40%
CAG,"3,620,762",97 -> 98,30.6% -> 30.9%
CTG,"3,620,774",98,57.10%
C,"3,622,193",65,52.30%
G,"3,622,195",65,52.30%
CTG,"3,622,205",65,47.70%
T,"3,625,484",19,100.00%
CTG,"3,630,749",6,83.30%
TG,"3,631,788",12,41.70%
CAG,"3,631,903",34,38.20%
CTG,"3,631,915",33,60.60%
CAG,"3,632,383",18,27.80%
CTG,"3,632,395",18,66.70%
AG,"3,633,347",26,57.70%
G,"3,633,360",26,38.50%
C,"3,633,794",7,85.70%
G,"3,633,796",7,85.70%
C,"3,633,830",8,25.00%
CAG,"3,636,636",160,43.80%
C,"3,636,648",160,56.30%
G,"3,636,650",160,56.30%
G,"3,637,349",52,26.90%
CTG,"3,637,359",52,73.10%
G,"3,637,838",73,34.20%
CT,"3,637,848",73,65.80%
CAG,"3,639,793",14,50.00%
TG,"3,639,806",14,50.00%
CAG,"3,640,924",40,47.50%
CTG,"3,640,936",40,52.50%
CTG,"3,641,709",5,100.00%
CAG,"3,641,910",8,50.00%
CTG,"3,641,922",7 -> 8,37.5% -> 42.9%
G,"3,643,211",7,85.70%
C,"3,643,818",63,55.60%
CTG,"3,643,830",62 -> 63,42.9% -> 43.5%
T,"3,644,306",14,92.90%
AG,"3,646,017",131,38.90%
CAG,"3,646,021",273,52.00%
CTG,"3,646,033",273,29.30%
C,"3,646,934",80,28.70%
G,"3,646,936",80,28.70%
CTG,"3,646,946",82 -> 84,31.0% -> 31.7%
CA,"3,646,993",84,36.90%
C,"3,647,005",84,38.10%
G,"3,647,007",83,38.60%
C,"3,647,617",63,50.80%
CTG,"3,647,629",61,37.70%
C,"3,651,303",67,43.30%
G,"3,651,305",67,43.30%
CAG,"3,654,596",333,31.80%
TG,"3,654,609",333,68.20%
CAG,"3,656,240",38,57.90%
CTG,"3,656,252",38,42.10%
C,"3,656,412",18,55.60%
G,"3,656,414",17,58.80%
CTG,"3,656,424",14,28.60%
CAG,"3,657,349",116,37.90%
CT,"3,657,357",116,62.10%
CAG,"3,657,569",92,55.40%
CTG,"3,657,581",92,44.60%
C,"3,658,578",27,25.90%
G,"3,658,580",27,25.90%
CTG,"3,658,590",27,63.00%
CAG,"3,658,772",7,71.40%
CTG,"3,658,784",7,28.60%
AG,"3,659,918",11,63.60%
CT,"3,659,929",11,36.40%
CAG,"3,660,181",16,87.50%
C,"3,661,971",24,50.00%
G,"3,661,973",24,54.20%
CTG,"3,661,983",24,41.70%
CA,"3,666,389",28,53.60%
CT,"3,666,401",28,32.10%
C,"3,666,507",17,29.40%
C,"3,669,618",185,41.10%
T,"3,669,631",185,58.90%
AG,"3,671,021",54,40.70%
CTG,"3,671,032",54,59.30%
CTG,"3,673,485",14,85.70%
CA,"3,674,673",8,62.50%
CTG,"3,674,685",9,33.30%
CAG,"3,674,840",77,80.50%
G,"3,675,803",184,51.60%
T,"3,675,814",184,48.40%
CAG,"3,677,022",12,91.70%
CAG,"3,679,251",118,74.60%
TG,"3,679,264",118,25.40%
CAG,"3,682,708",28,32.10%
C,"3,682,720",28,67.90%
G,"3,682,722",28,67.90%
C,"3,687,157",12,25.00%
G,"3,687,159",12,25.00%
CTG,"3,687,169",12,75.00%
CA,"3,691,473",8,37.50%
C,"3,691,485",8,62.50%
G,"3,691,487",8,62.50%
C,"3,691,631",31,87.10%
G,"3,691,633",31,83.90%
CAG,"3,693,834",227,66.10%
CTG,"3,693,846",227,33.50%
CTG,"3,695,482",13,61.50%
AG,"3,696,644",17,64.70%
CTG,"3,696,655",17,35.30%
CAG,"3,700,804",28,85.70%
CAG,"3,703,449",43,34.90%
CTG,"3,703,461",43,55.80%
A,"3,704,484",121,33.90%
TG,"3,704,496",121,62.80%
C,"3,704,934",18,38.90%
G,"3,704,936",18,38.90%
T,"3,704,947",16,56.30%
A,"3,708,412",81,43.20%
CTG,"3,708,423",81,56.80%
CAG,"3,714,443",119,57.10%
TG,"3,714,456",119,40.30%
C,"3,715,991",238,47.90%
G,"3,715,993",238,47.90%
CTG,"3,716,003",238,51.70%
CAG,"3,718,443",32,37.50%
C,"3,718,451",32,59.40%
G,"3,718,589",12,58.30%
CAG,"3,720,459",15,93.30%
AG,"3,724,901",49,36.70%
CTG,"3,724,912",49,63.30%
CAG,"3,734,887",22,27.30%
TG,"3,734,900",22,72.70%
CTG,"3,736,154",5,100.00%
CAG,"3,738,830",8,62.50%
CTG,"3,738,842",8,37.50%
CAG,"3,739,258",60,35.00%
CT,"3,739,270",60,65.00%
C,"3,740,321",167,64.10%
G,"3,740,323",167,64.10%
TG,"3,740,334",167,34.70%
CTG,"3,741,994",6,83.30%
CA,"3,743,042",70,92.90%
CAG,"3,748,957",173,39.30%
C,"3,748,969",173,60.70%
G,"3,748,971",173,60.70%
T,"3,749,750",112,65.20%
CAG,"3,749,983",14 -> 15,33.3% -> 35.7%
CTG,"3,749,995",16,25.00%
A,"3,750,207",64,34.40%
TG,"3,750,219",64,53.10%
A,"3,753,650",95,67.40%
CT,"3,753,661",95,32.60%
CAG,"3,755,930",6,50.00%
C,"3,755,942",6,50.00%
G,"3,755,944",6,50.00%
CAG,"3,757,296",96,27.10%
CTG,"3,757,308",96,69.80%
CA,"3,758,838",270,36.30%
CTG,"3,758,850",269,63.60%
CAG,"3,759,118",39,48.70%
CTG,"3,759,130",39,51.30%
C,"3,759,455",124,32.30%
G,"3,759,457",124,32.30%
CTG,"3,759,467",123,62.60%
CAG,"3,760,610",14,35.70%
CTG,"3,760,622",14,64.30%
C,"3,760,880",92,55.40%
G,"3,760,882",92,55.40%
TG,"3,760,893",92,44.60%
AG,"3,762,440",8,75.00%
TG,"3,762,452",8,25.00%
AG,"3,763,718",63,44.40%
CT,"3,763,729",63,52.40%
CTG,"3,767,691",51,90.20%
C,"3,771,129",31,45.20%
G,"3,771,143",31,54.80%
CAG,"3,772,233",7,28.60%
C,"3,772,242",7,71.40%
G,"3,772,244",7,71.40%
CAG,"3,773,505",63,60.30%
CTG,"3,773,517",63,39.70%
CA,"3,774,376",139,73.40%
CT,"3,774,388",139,26.60%
CAG,"3,776,447",116,92.20%
CAG,"3,777,042",168,51.80%
C,"3,777,054",168,45.80%
G,"3,777,056",168,45.80%
CAG,"3,778,898",5,60.00%
CTG,"3,778,910",5,40.00%
CAG,"3,783,562",124,40.30%
TG,"3,783,575",124,58.90%
AG,"3,785,544",124,51.60%
CT,"3,785,555",124,48.40%
AG,"3,786,884",173,41.60%
TG,"3,786,896",173,58.40%
CAG,"3,787,350",44,45.50%
CTG,"3,787,362",44,54.50%
CA,"3,790,979",284,26.10%
TG,"3,790,992",285,32.30%
CAG,"3,791,003",270,28.50%
C,"3,791,015",271,41.70%
C,"3,792,746",130,33.10%
G,"3,792,748",130,33.10%
CTG,"3,792,758",130,66.20%
CAG,"3,794,514",8,37.50%
T,"3,794,527",8,62.50%
G,"3,800,399",15,46.70%
CTG,"3,800,409",15,53.30%
G,"3,803,705",7,71.40%
CAG,"3,804,411",5,60.00%
CTG,"3,804,423",5,40.00%
CA,"3,808,243",154,58.40%
TG,"3,808,256",154,41.60%
G,"3,808,819",6,33.30%
TG,"3,808,830",6,66.70%
CAG,"3,809,860",81,42.00%
CTG,"3,809,872",81,58.00%
CAG,"3,810,724",12,83.30%
C,"3,812,818",14,42.90%
G,"3,812,820",14,42.90%
T,"3,812,831",14,57.10%
C,"3,815,864",143,65.70%
G,"3,815,866",143,65.70%
TG,"3,815,877",143,34.30%
CTG,"3,816,909",150,85.30%
CA,"3,818,398",17,58.80%
TG,"3,818,411",17,41.20%
CAG,"3,820,460",319,62.40%
G,"3,820,474",319,37.00%
CTG,"3,821,149",5,100.00%
CAG,"3,822,732",18,33.30%
CTG,"3,822,744",18,66.70%
CAG,"3,823,084",6,66.70%
CTG,"3,823,096",6,33.30%
CA,"3,823,626",104,72.10%
CTG,"3,823,638",104,27.90%
CA,"3,824,547",8,37.50%
TG,"3,824,560",8,62.50%
C,"3,825,115",193,72.00%
G,"3,825,117",193,72.00%
CTG,"3,825,127",193,28.00%
CAG,"3,826,291",50,30.00%
CTG,"3,826,303",50,70.00%
CAG,"3,827,239",110,55.50%
CTG,"3,827,251",110,42.70%
CAG,"3,827,426",10,30.00%
CT,"3,829,582",6,83.30%
CAG,"3,831,749",125,36.80%
C,"3,831,761",125,56.80%
G,"3,831,763",125,57.60%
CAG,"3,832,109",48,60.40%
TG,"3,832,122",48,39.60%
AG,"3,832,739",7,28.60%
C,"3,832,750",8,25.00%
CA,"3,832,829",16,50.00%
G,"3,832,843",17,29.40%
CAG,"3,834,395",79,45.60%
CTG,"3,834,407",79,54.40%
AG,"3,835,452",35,57.10%
CTG,"3,835,463",35,42.90%
CAG,"3,836,272",48,45.80%
CTG,"3,836,284",48,54.20%
CA,"3,836,875",15,53.30%
C,"3,836,887",16,31.30%
G,"3,836,889",16,31.30%
CAG,"3,836,930",17,35.30%
CAG,"3,838,232",212,52.80%
CTG,"3,838,244",212,47.20%
CAG,"3,839,848",72,66.70%
G,"3,839,862",72,33.30%
A,"3,841,924",279,64.50%
TG,"3,841,936",279,35.10%
CAG,"3,842,252",15,46.70%
CT,"3,842,264",15,53.30%
CAG,"3,845,119",13,38.50%
CTG,"3,845,131",13,61.50%
CAG,"3,846,002",20,45.00%
CTG,"3,846,014",20,55.00%
CAG,"3,847,358",8,75.00%
C,"3,847,370",8,25.00%
G,"3,847,372",8,25.00%
C,"3,847,675",30,60.00%
G,"3,847,677",30,60.00%
CTG,"3,847,687",30,40.00%
AG,"3,849,007",27,37.00%
CTG,"3,849,018",27,59.30%
CAG,"3,849,425",55,40.00%
CTG,"3,849,437",55,60.00%
CAG,"3,850,350",81,58.00%
TG,"3,850,363",81,42.00%
CT,"3,851,543",88,72.70%
TG,"3,852,564",5,100.00%
C,"3,854,052",11,45.50%
G,"3,854,054",11,45.50%
CTG,"3,854,064",11,27.30%
C,"3,854,085",10,30.00%
G,"3,854,087",10,30.00%
C,"3,855,322",55,30.90%
G,"3,855,324",55,32.70%
T,"3,855,335",55,69.10%
CAG,"3,857,563",5,60.00%
CTG,"3,857,575",5,40.00%
CAG,"3,859,289",6,83.30%
CAG,"3,859,792",72 -> 73,46.6% -> 47.2%
CTG,"3,859,804",73,50.70%
G,"3,860,326",197,67.50%
CT,"3,860,336",197,32.50%
CAG,"3,860,774",5,40.00%
C,"3,860,786",5,60.00%
AG,"3,861,091",6,83.30%
C,"3,862,640",22,68.20%
G,"3,862,642",22,68.20%
CT,"3,862,652",22,31.80%
CAG,"3,862,935",145,53.10%
CT,"3,862,947",145,46.90%
CT,"3,863,323",15,60.00%
CTG,"3,863,459",13 -> 14,35.7% -> 38.5%
CAG,"3,863,637",191,30.40%
TG,"3,863,650",191,69.10%
CAG,"3,865,162",6,83.30%
A,"3,865,728",158,42.40%
C,"3,865,739",158,57.60%
G,"3,865,741",158,57.60%
C,"3,868,655",12,41.70%
G,"3,868,657",12,33.30%
CTG,"3,868,667",12,58.30%
AG,"3,871,295",12,83.30%
AG,"3,871,856",217,32.70%
TG,"3,871,868",217,67.30%
CA,"3,873,707",213,62.90%
CTG,"3,873,719",213,37.10%
AG,"3,874,266",11,36.40%
T,"3,874,278",11,63.60%
C,"3,876,374",7,57.10%
C,"3,876,386",7,42.90%
G,"3,876,388",7,42.90%
CT,"3,878,982",35,100.00%
C,"3,880,763",167,51.50%
G,"3,880,765",167,51.50%
TG,"3,880,776",167,47.30%
CAG,"3,883,511",58,63.80%
C,"3,883,523",58,36.20%
G,"3,883,525",58,36.20%
CAG,"3,884,134",36,52.80%
CTG,"3,884,146",36,47.20%
CAG,"3,885,007",18,61.10%
CAG,"3,885,183",222,49.10%
TG,"3,885,196",221,49.80%
CAG,"3,888,586",166,50.00%
CTG,"3,888,598",166,50.00%
CAG,"3,888,818",7 -> 8,25.0% -> 28.6%
CT,"3,890,030",90,98.90%
A,"3,891,020",188,65.40%
CTG,"3,891,031",188,34.60%
G,"3,893,274",71,91.50%
CT,"3,893,402",97,49.50%
C,"3,895,147",108,63.00%
G,"3,895,149",108,63.00%
C,"3,895,160",108,37.00%
G,"3,895,162",108,37.00%
CTG,"3,895,952",9,88.90%
TG,"3,896,265",33,39.40%
CAG,"3,897,422",221,52.90%
CTG,"3,897,434",221,46.60%
C,"3,897,772",22,40.90%
G,"3,897,774",22,40.90%
CA,"3,897,899",42,45.20%
CTG,"3,897,911",42,54.80%
CTG,"3,898,586",29,75.90%
CAG,"3,899,052",172,41.30%
C,"3,899,063",172,58.10%
G,"3,899,065",172,58.70%
CAG,"3,899,528",8,25.00%
CTG,"3,899,540",8,75.00%
CAG,"3,900,560",58,65.50%
CTG,"3,900,572",58,32.80%
CAG,"3,902,384",53,30.20%
CTG,"3,902,396",53,69.80%
CA,"3,902,808",60,25.00%
G,"3,902,822",60,75.00%
CA,"3,903,102",13,46.20%
CTG,"3,903,114",13,30.80%
CA,"3,903,290",101,56.40%
CTG,"3,903,302",101 -> 103,28.2% -> 28.7%
CTG,"3,903,455",73 -> 75,49.3% -> 50.7%
C,"3,903,591",130,49.20%
G,"3,903,593",130,49.20%
TG,"3,903,604",130,50.80%
CAG,"3,904,196",35,62.90%
TG,"3,904,209",35,28.60%
CTG,"3,905,917",14 -> 15,26.7% -> 28.6%
CT,"3,906,029",18,100.00%
G,"3,907,543",10,100.00%
CAG,"3,907,898",45,51.10%
CTG,"3,907,910",45,48.90%
CAG,"3,908,476",22,50.00%
CTG,"3,908,488",22,50.00%
CAG,"3,909,748",6,50.00%
CT,"3,909,760",6,50.00%
CT,"3,910,522",249,87.10%
C,"3,912,150",8,25.00%
TG,"3,912,162",8,25.00%
CAG,"3,912,857",75,40.00%
G,"3,912,871",75,60.00%
AG,"3,913,189",6,33.30%
CTG,"3,913,200",6,66.70%
CAG,"3,915,197",5,100.00%
A,"3,920,962",85,40.00%
C,"3,920,973",85,60.00%
CAG,"3,922,270",25,52.00%
CTG,"3,922,282",25,48.00%
CAG,"3,923,580",96,39.60%
CT,"3,923,592",98,58.20%
C,"3,923,721",21,33.30%
G,"3,923,723",21,33.30%
TG,"3,925,051",78,82.10%
CTG,"3,925,821",85,80.00%
CA,"3,926,820",12,83.30%
CA,"3,928,888",52,48.10%
G,"3,928,902",52,51.90%
C,"3,929,391",61,54.10%
G,"3,929,393",61,54.10%
TG,"3,929,404",61,45.90%
CAG,"3,931,985",263,42.60%
G,"3,931,999",265,55.50%
CTG,"3,932,588",10,80.00%
G,"3,933,235",261,49.00%
C,"3,933,245",261,51.00%
G,"3,933,247",261,51.00%
CAG,"3,933,729",158,51.30%
CTG,"3,933,741",158,48.70%
C,"3,934,104",21,81.00%
CA,"3,934,945",8,50.00%
CTG,"3,934,957",8,50.00%
AG,"3,939,676",10,50.00%
C,"3,939,687",10,50.00%
G,"3,939,689",10,50.00%
C,"3,943,665",5,40.00%
G,"3,943,667",5,40.00%
CTG,"3,943,677",5,60.00%
CAG,"3,945,541",7,71.40%
C,"3,945,553",7,28.60%
AG,"3,946,691",9,33.30%
CTG,"3,946,702",9,44.40%
G,"3,953,934",12,66.70%
CAG,"3,954,290",19,31.60%
TG,"3,954,303",19,68.40%
CAG,"3,956,413",22,100.00%
CAG,"3,956,964",11,36.40%
CTG,"3,956,976",11,63.60%
G,"3,957,644",24,58.30%
TG,"3,957,655",24,25.00%
C,"3,961,649",21,42.90%
G,"3,961,651",21,42.90%
T,"3,961,662",21,52.40%
CAG,"3,964,272",139,54.70%
CTG,"3,964,284",139,45.30%
CA,"3,965,224",68,39.70%
C,"3,965,236",68,60.30%
G,"3,965,238",68,60.30%
G,"3,966,621",120,33.30%
C,"3,966,631",120,66.70%
G,"3,966,633",120,66.70%
CAG,"3,967,261",99,73.70%
G,"3,967,275",99,25.30%
C,"3,967,555",200,54.50%
G,"3,967,557",200,55.00%
CAG,"3,967,567",162,44.40%
CTG,"3,967,579",161 -> 162,27.8% -> 28.0%
G,"3,971,026",35,28.60%
CT,"3,971,036",35,71.40%
CA,"3,971,543",142,72.50%
CTG,"3,971,555",142,27.50%
TG,"3,972,326",49,77.60%
CAG,"3,972,804",188,53.20%
CTG,"3,972,816",188,46.80%
AG,"3,973,820",23,52.20%
TG,"3,973,832",23,43.50%
CAG,"3,976,926",31,54.80%
C,"3,976,938",31,41.90%
G,"3,976,940",31,45.20%
G,"3,978,289",96,46.90%
TG,"3,978,300",96,53.10%
CAG,"3,978,609",178,64.60%
CTG,"3,978,621",178,34.80%
A,"3,979,741",40,32.50%
CT,"3,979,752",40,67.50%
CAG,"3,985,600",62,74.20%
CT,"3,985,612",62,25.80%
CTG,"3,987,119",15,93.30%
C,"3,987,531",26,53.80%
G,"3,987,533",26,53.80%
C,"3,987,543",26,46.20%
G,"3,987,545",26,46.20%
CAG,"3,988,142",10,80.00%
CA,"3,988,637",99,71.70%
CTG,"3,988,649",101,25.70%
TG,"3,989,345",6,100.00%
G,"3,989,587",40,57.50%
CTG,"3,989,597",40,42.50%
C,"3,990,129",6,50.00%
G,"3,990,131",6,50.00%
CT,"3,990,597",14,92.90%
CT,"3,995,023",6,83.30%
AG,"3,995,551",69,46.40%
CTG,"3,995,562",69,53.60%
CAG,"3,997,096",163,48.50%
CTG,"3,997,108",163,51.50%
A,"3,997,759",36,72.20%
G,"3,997,772",36,27.80%
CAG,"4,000,750",8,100.00%
CAG,"4,001,359",98,30.60%
CTG,"4,001,371",98,68.40%
CAG,"4,001,828",25,72.00%
CTG,"4,001,840",25,28.00%
AG,"4,004,810",9,88.90%
C,"4,005,967",74,47.30%
G,"4,005,969",74,47.30%
CTG,"4,005,979",74,50.00%
C,"4,007,641",50,68.00%
CTG,"4,007,653",50,32.00%
CA,"4,007,875",5,100.00%
CA,"4,009,538",86,40.70%
C,"4,009,550",86,59.30%
G,"4,009,552",86,59.30%
CA,"4,012,584",61,42.60%
C,"4,012,596",61,57.40%
G,"4,012,598",61,57.40%
C,"4,012,943",120,39.20%
G,"4,012,945",120,39.20%
TG,"4,012,956",120,60.80%
AG,"4,014,372",152,27.00%
CTG,"4,014,383",152,73.00%
C,"4,017,951",90,55.60%
CTG,"4,017,963",90,44.40%
CAG,"4,018,987",6,83.30%
CAG,"4,019,813",7,42.90%
CTG,"4,019,825",7,57.10%
AG,"4,023,005",305,32.10%
CTG,"4,023,016",305,67.50%
CAG,"4,023,725",221,55.20%
CTG,"4,023,737",221,44.30%
CTG,"4,024,381",21,61.90%
CT,"4,024,560",62,98.40%
CAG,"4,024,668",84,100.00%
C,"4,024,909",126,39.70%
G,"4,024,911",125,40.00%
CTG,"4,024,922",124 -> 125,56.8% -> 57.3%
CAG,"4,029,843",23,65.20%
CT,"4,029,856",23,34.80%
CAG,"4,031,875",155,51.60%
C,"4,031,887",155,48.40%
G,"4,031,889",155,48.40%